743590888941621248,rt jaclynf turns out the entire stanford women s swim team knew brock turner was dangerous but the school silenced them https t co s,1
743590830305312769,rt abc7newsbayarea petition to recall judge in brockturner case reaches nearly 1 million signatures will be delivered fri https t co,1
743590753541054465,rt jaclynf turns out the entire stanford women s swim team knew brock turner was dangerous but the school silenced them https t co s,1
743590465245614080,rt jaclynf turns out the entire stanford women s swim team knew brock turner was dangerous but the school silenced them https t co s,1
743590419930484736,rt jaclynf turns out the entire stanford women s swim team knew brock turner was dangerous but the school silenced them https t co s,1
743590347876372480,rt jaclynf turns out the entire stanford women s swim team knew brock turner was dangerous but the school silenced them https t co s,1
743590018900365313,rt jaclynf turns out the entire stanford women s swim team knew brock turner was dangerous but the school silenced them https t co s,1
743589748170592257,rt jaclynf turns out the entire stanford women s swim team knew brock turner was dangerous but the school silenced them https t co s,1
743589153502171136,rt jaclynf turns out the entire stanford women s swim team knew brock turner was dangerous but the school silenced them https t co s,1
743588983431651328,rt jaclynf turns out the entire stanford women s swim team knew brock turner was dangerous but the school silenced them https t co s,1
743588851596333056,rt jaclynf turns out the entire stanford women s swim team knew brock turner was dangerous but the school silenced them https t co s,1
743588762320515072,rt jaclynf turns out the entire stanford women s swim team knew brock turner was dangerous but the school silenced them https t co s,1
743588505008414720,rt jaclynf turns out the entire stanford women s swim team knew brock turner was dangerous but the school silenced them https t co s,1
743588496430903296,rt jaclynf turns out the entire stanford women s swim team knew brock turner was dangerous but the school silenced them https t co s,1
743588490307375104,rt jaclynf turns out the entire stanford women s swim team knew brock turner was dangerous but the school silenced them https t co s,1
743588357054226432,rt jaclynf turns out the entire stanford women s swim team knew brock turner was dangerous but the school silenced them https t co s,1
743588302914129920,rt jaclynf turns out the entire stanford women s swim team knew brock turner was dangerous but the school silenced them https t co s,1
743588268063657984,rt jaclynf turns out the entire stanford women s swim team knew brock turner was dangerous but the school silenced them https t co s,1
743587915272335361,rt jaclynf turns out the entire stanford women s swim team knew brock turner was dangerous but the school silenced them https t co s,1
743587913728921605,rt jaclynf turns out the entire stanford women s swim team knew brock turner was dangerous but the school silenced them https t co s,1
743587904996413440,rt jaclynf turns out the entire stanford women s swim team knew brock turner was dangerous but the school silenced them https t co s,1
743587711232184320,rt jaclynf turns out the entire stanford women s swim team knew brock turner was dangerous but the school silenced them https t co s,1
743587630609227776,stanford thehuntingground how an alarming num of colleges hides their title ix violations https t co vyp14ldckv https t co gevo3bprld,1
743587591820185600,rt jaclynf turns out the entire stanford women s swim team knew brock turner was dangerous but the school silenced them https t co s,1
743587126445481984,rt jaclynf turns out the entire stanford women s swim team knew brock turner was dangerous but the school silenced them https t co s,1
743587037991706624,rt jaclynf turns out the entire stanford women s swim team knew brock turner was dangerous but the school silenced them https t co s,1
743587007721512961,rt jaclynf turns out the entire stanford women s swim team knew brock turner was dangerous but the school silenced them https t co s,1
743586915157446656,rt jaclynf turns out the entire stanford women s swim team knew brock turner was dangerous but the school silenced them https t co s,1
743586804159418368,rt jaclynf turns out the entire stanford women s swim team knew brock turner was dangerous but the school silenced them https t co s,1
743586740204601344,rt jaclynf turns out the entire stanford women s swim team knew brock turner was dangerous but the school silenced them https t co s,1
743586483391520769,rt jaclynf turns out the entire stanford women s swim team knew brock turner was dangerous but the school silenced them https t co s,1
743586431751225344,rt csnmdvsa judge who issued controversial sentence in stanford trial removed from a new sexual assault case https t co luz9q29l6k s,1
743586412432334848,rt jaclynf turns out the entire stanford women s swim team knew brock turner was dangerous but the school silenced them https t co s,1
743586396535853056,rt csnmdvsa juror in stanford sexual assault case says judge made 'mockery' of justice https t co junuokygdz stanfordrapist brocktu,1
743586343717081088,rt cnnnewsroom congressman judgetedpoe on stanford rape case the punishment for rape should be longer than a semester in college https,2
743586118243753984,rt jaclynf turns out the entire stanford women s swim team knew brock turner was dangerous but the school silenced them https t co s,1
743585950010384384,rt jaclynf turns out the entire stanford women s swim team knew brock turner was dangerous but the school silenced them https t co s,1
743585901658267648,rt watchmojo top 10 facts about the stanford sexual assault case https t co i6f1toftdx https t co eoujfccmhk,1
743585878925250561,rt jaclynf turns out the entire stanford women s swim team knew brock turner was dangerous but the school silenced them https t co s,1
743585779960655872,rt jaclynf turns out the entire stanford women s swim team knew brock turner was dangerous but the school silenced them https t co s,1
743585759152615425,rt lannadelgrey stanford women 's swim team say they 're not surprised by brockturner 's actions https t co o5bvatrmjd,2
743585598703865856,rt jaclynf turns out the entire stanford women s swim team knew brock turner was dangerous but the school silenced them https t co s,1
743585578260774912,rt jaclynf turns out the entire stanford women s swim team knew brock turner was dangerous but the school silenced them https t co s,1
743585476137746432,rt dianamaps map archive at stanford open to all https t co vrxlkoi1wv geography cartography,1
743585362736472065,rt jaclynf turns out the entire stanford women s swim team knew brock turner was dangerous but the school silenced them https t co s,1
743585253009276928,rt jaclynf turns out the entire stanford women s swim team knew brock turner was dangerous but the school silenced them https t co s,1
743585154145345539,rt jaclynf turns out the entire stanford women s swim team knew brock turner was dangerous but the school silenced them https t co s,1
743584603856838656,rt jaclynf turns out the entire stanford women s swim team knew brock turner was dangerous but the school silenced them https t co s,1
743584530770976769,rt jaclynf turns out the entire stanford women s swim team knew brock turner was dangerous but the school silenced them https t co s,1
743584438878093312,rt jaclynf turns out the entire stanford women s swim team knew brock turner was dangerous but the school silenced them https t co s,1
743584374700924928,rt jaclynf turns out the entire stanford women s swim team knew brock turner was dangerous but the school silenced them https t co s,1
743584187643371520,rt dianamaps map archive at stanford open to all https t co vrxlkoi1wv geography cartography,1
743584116667387904,rt jaclynf turns out the entire stanford women s swim team knew brock turner was dangerous but the school silenced them https t co s,1
743584047855767552,here 's how people protested the brockturner sentencing at stanford 's graduation https t co hdce5ocvbf https t co ibe99mva3b,1
743583988636336128,rt jaclynf turns out the entire stanford women s swim team knew brock turner was dangerous but the school silenced them https t co s,1
743583790379966465,rt jaclynf turns out the entire stanford women s swim team knew brock turner was dangerous but the school silenced them https t co s,1
743583752798896129,rt jaclynf turns out the entire stanford women s swim team knew brock turner was dangerous but the school silenced them https t co s,1
743583533789233153,rt jaclynf turns out the entire stanford women s swim team knew brock turner was dangerous but the school silenced them https t co s,1
743583420903755776,rt jaclynf turns out the entire stanford women s swim team knew brock turner was dangerous but the school silenced them https t co s,1
743583365094318080,rt jaclynf turns out the entire stanford women s swim team knew brock turner was dangerous but the school silenced them https t co s,1
743583355606806529,rt jaclynf turns out the entire stanford women s swim team knew brock turner was dangerous but the school silenced them https t co s,1
743583216448090112,rt jaclynf turns out the entire stanford women s swim team knew brock turner was dangerous but the school silenced them https t co s,1
743583137788207105,rt jaclynf turns out the entire stanford women s swim team knew brock turner was dangerous but the school silenced them https t co s,1
743583059010674688,rt jaclynf turns out the entire stanford women s swim team knew brock turner was dangerous but the school silenced them https t co s,1
743583051708391424,rt jaclynf turns out the entire stanford women s swim team knew brock turner was dangerous but the school silenced them https t co s,1
743582892450848768,rt mc1748 stanford university confirms dnc electionfraud https t co xsety1as0g endcorruption enough politicalrevolution notmeus,0
743582652226281472,rt jaclynf turns out the entire stanford women s swim team knew brock turner was dangerous but the school silenced them https t co s,1
743582613600894976,rt jaclynf turns out the entire stanford women s swim team knew brock turner was dangerous but the school silenced them https t co s,1
743582585364832261,rt jaclynf turns out the entire stanford women s swim team knew brock turner was dangerous but the school silenced them https t co s,1
743582051769671680,rt jaclynf turns out the entire stanford women s swim team knew brock turner was dangerous but the school silenced them https t co s,1
743581964184264704,rt lannadelgrey stanford women 's swim team say they 're not surprised by brockturner 's actions https t co o5bvatrmjd,2
743581917908504577,rt jaclynf turns out the entire stanford women s swim team knew brock turner was dangerous but the school silenced them https t co s,1
743581836509470720,rt jaclynf turns out the entire stanford women s swim team knew brock turner was dangerous but the school silenced them https t co s,1
743581709099139072,rt jaclynf turns out the entire stanford women s swim team knew brock turner was dangerous but the school silenced them https t co s,1
743581391720316928,rt jaclynf turns out the entire stanford women s swim team knew brock turner was dangerous but the school silenced them https t co s,1
743581200606986240,rt jaclynf turns out the entire stanford women s swim team knew brock turner was dangerous but the school silenced them https t co s,1
743581184395976704,rt chiller stanford pressured women to not write to the judge re their preexisting concerns about brockturner https t co skm4nrhf,2
743580829067120640,rt jaclynf turns out the entire stanford women s swim team knew brock turner was dangerous but the school silenced them https t co s,1
743580718232657920,rt jaclynf turns out the entire stanford women s swim team knew brock turner was dangerous but the school silenced them https t co s,1
743580586837741568,https t co w5n5hfwbid 2016 stanford commencement address by ken burns stanforduniversity stanford video,1
743580581200420864,rt kiro7seattle judge in brockturner case removed from new sexual assault case stanford https t co 9alqjsnfjj https t co fbgrasun,1
743580546509352960,rt chiller stanford pressured women to not write to the judge re their preexisting concerns about brockturner https t co skm4nrhf,2
743580367710359552,rt jaclynf turns out the entire stanford women s swim team knew brock turner was dangerous but the school silenced them https t co s,1
743580296466022400,rt jaclynf turns out the entire stanford women s swim team knew brock turner was dangerous but the school silenced them https t co s,1
743580277679751168,rt dianamaps map archive at stanford open to all https t co vrxlkoi1wv geography cartography,1
743580227780022272,rt change icymi 1m people want to get rid of aaronpersky for his decision on the stanford rape case https t co prj2abnc0q https t,1
743580216992333824,rt jaclynf turns out the entire stanford women s swim team knew brock turner was dangerous but the school silenced them https t co s,1
743580043641655296,rt sfpelosi thank you repspeier ! stanford rapecultureiswhen https t co 5xxmgjlkzk,0
743580041309609986,rt jaclynf turns out the entire stanford women s swim team knew brock turner was dangerous but the school silenced them https t co s,1
743580021286047744,rt jaclynf turns out the entire stanford women s swim team knew brock turner was dangerous but the school silenced them https t co s,1
743580005075038208,rt abc7newsbayarea petition to recall judge in brockturner case reaches nearly 1 million signatures will be delivered fri https t co,1
743579989099036672,lawmakers read stanford rape victim 's letter to attacker stanford https t co zwqcba1aek,2
743579966239965184,rt jaclynf turns out the entire stanford women s swim team knew brock turner was dangerous but the school silenced them https t co s,1
743579928176754689,rt jaclynf turns out the entire stanford women s swim team knew brock turner was dangerous but the school silenced them https t co s,1
743579857649442816,rt cnnnewsroom congressman judgetedpoe on stanford rape case the punishment for rape should be longer than a semester in college https,2
743579806084694017,rt unitewomenorg congress will read aloud full stanford sexualassault victim 's statement https t co rmprqocauj brockturnerisarapist,2
743579750510141441,rt jaclynf turns out the entire stanford women s swim team knew brock turner was dangerous but the school silenced them https t co s,1
743579693866164224,rt jaclynf turns out the entire stanford women s swim team knew brock turner was dangerous but the school silenced them https t co s,1
743579472406863874,rt drdrewhln dr drew ca n't believe that brockturner does n't feel some responsibility stanford https t co b0upkzzsoi,2
743579396422901764,rt jaclynf turns out the entire stanford women s swim team knew brock turner was dangerous but the school silenced them https t co s,1
