Twitter ID,Week#,Tweets,"1=postive, 2=N, 3=Negative, 0=unknown","EmotionCode (1= Anger/insult/dogmatic/judgemental2= fear/stressed out/depressed/sad/bummed out/embarrassed, 3= loving/kind/supportive/inspired/helpful/longing/hopeful, 4 = happy/joking/excited/turned on 5= Neutral,statement 0 = don't know/not relevant/sarcastic without enough info on emotion","Emotion Intensity (0=unknown/not relvant 1= no emotion, 2 = some emotion, 3= extremely intense)",950
theaaliyahsade,2,!! https://t.co/Yh01rVUoWU,0,0,0,
theaaliyahsade,3,!!!!!! https://t.co/FCObkMweMx,0,0,0,
scoopofscorpio,3,???? https://t.co/OT4LO70mYV,0,0,0,
scoopofscorpio,11,???? https://t.co/RA7ekVmUx4,0,0,0,
Lilly_vujacic,3,????????,0,0,0,
ChristyLovee_,4,???????? https://t.co/QiFYYGKTBk,0,0,0,
scoopofscorpio,11,???????????? https://t.co/L2Oz8szXVr,0,0,0,
ChristyLovee_,10,???????????????\x8d https://t.co/8LIxzrD8BE,0,0,0,
rickyterriquez,5,???????\xa4 happy belated birthday gay boy ????,1,4,2,
ChristyLovee_,9,??????\x8f???????\x8f???????\x8f? https://t.co/TZ4j8SOdvo,0,0,0,
ChristyLovee_,9,??????\x8f???????\x8f???????\x8f? https://t.co/TZ4j8SOdvo,0,0,0,
rickyterriquez,5,??????\x90\x9d???? congrats you got your braces off!,1,3,2,
theaaliyahsade,0,????WHEN THE WHITE FACULTY MEMBER REFLECTS ON SUPPOSEDLY EXPERIENCING RACISM DURING THE 1960'S BC SHE LIVED IN A BLACK NEIGHBORHOOD?!,0,0,0,
ChristyLovee_,9,???\x81??????\x8f????\x81,0,0,0,
scoopofscorpio,3,???\xa3 https://t.co/oMq5vsYvYQ,0,0,0,
rickyterriquez,5,??\x90????? you're rly cute but I don't think we've ever really had a conversation,1,3,2,
_nicolenaranjo,6,??How do I get all my shit done on time?,3,2,2,
daisyarriaga1,5,@____veee lol congrats i was already like no vanesssa  lol happy u r being an aunt u will love it trust,1,3,2,
nancyh_22,3,@___moonmoon awwww I miss u too :(  We should hang out on a weekend that I go home,1,3,3,
nancyh_22,3,@___moonmoon lmao tengo un chingo de tarea y es para ma?\xa4ana,0,0,0,
_nicolenaranjo,3,@__kimburrlee Thanks kim &lt;3 #missyou #bigbooty lol,1,3,2,
_nicolenaranjo,3,@__kimburrlee we can invite grandpa!!! lol,1,4,2,
nancyh_22,9,@_biggg estan feos,0,0,0,
nancyh_22,3,@_biggg go to sleep lol,0,0,2,
nancyh_22,4,@_biggg I wish I could go to Washington,3,2,2,
nancyh_22,8,@_biggg with u I haven't seen u in for ever lol,1,4,2,
NYokubaitis,12,@_davidpulaski @Sidney_K33 it may return... No love though Sid.,0,0,0,
ThatAsian_Zeke,1,@_Dirty_Randy http://t.co/BuxmiY0z4Y,0,0,0,
rickyterriquez,7,@_Jaastine THANK YOU JASTINE! miss you bunches \x9f\x9d???\x8f,1,3,3,
sgbrandonn,5,@_jimmz ???????? and then my 4-5pm class always goes over time and we stay there an extra hour ????????,3,2,2,
_nicolenaranjo,3,@_jimmz boo where have ya been @???,2,5,0,
_nicolenaranjo,3,@_jimmz bruhhh me 2,2,5,2,
_nicolenaranjo,3,@_jimmz I love @nancyh_22 more than I love ice cream gelato at caf?? 1919!!! http://t.co/b5jVVnDJ2E,2,5,0,
_nicolenaranjo,3,@_jimmz if you were a ginger you would be the QTest #TBH,2,5,0,
_nicolenaranjo,3,@_jimmz well @jenniferyeji just ratted you out! I am calling UCPD.,2,5,0,
daisyarriaga1,2,@_Maarriissooll @azelhh thanks y'all  of the positive vibes:)  alright then  goodnight have an amazing day tomorrow at school!!,1,3,2,
daisyarriaga1,3,@_Maarriissooll now i can't wait to hear it goodnight boo!!!,1,4,2,
_nicolenaranjo,7,@_marilLuna #same #but #i #still #got #time #4 #u,1,3,2,
_nicolenaranjo,7,@_marilLuna FaceTime me,1,3,2,
_nicolenaranjo,4,@_marilLuna follow my finsta mami @eddneddyy did ????,2,5,0,
sgbrandonn,5,@_nicolenaranjo @_jimmz nothing new ha,2,5,0,
sgbrandonn,0,@_nicolenaranjo @nancyh_22 ????,0,0,0,
sgbrandonn,3,@_nicolenaranjo \x9f\x9d???\x8f\x9f\x9d???\x8f you're a lowkey Mets fan,2,5,0,
sgbrandonn,3,@_nicolenaranjo \x9f\x9d???\x8f\x9f\x9d???\x8f you're a lowkey Mets fan,2,5,0,
sgbrandonn,3,@_nicolenaranjo GO METS!!!???\x9d???\x8d???\x8f???????\x8f,1,4,2,
sgbrandonn,3,@_nicolenaranjo U DONT KNOW ME,2,5,2,
rickyterriquez,0,@alaynarmendariz closets aren't that bad! I lived in one until 10th grade,2,5,0,
rickyterriquez,5,@alaynarmendariz y'all suck ass,3,1,2,
macklork,5,@alexa_wexa @BabyAnimalGifs us ????????????????????,0,0,0,
macklork,8,@allanaproblems RT,0,0,0,
macklork,4,@allisondaviddd ????????????????????????,0,0,0,
rickyterriquez,7,@alyssa_quin thank you beautiful ????\x9f\x9d???\x8f I miss you and all your positivity so much! And congratulations on your 3 year anniversary!\x9f????\x8f,1,3,3,
rickyterriquez,7,@alyssa_quin thank you beautiful ????\x9f\x9d???\x8f I miss you and all your positivity so much! And congratulations on your 3 year anniversary!\x9f????\x8f,1,3,3,
theaaliyahsade,3,@Aman_Speaking omg really\t how did it go?,2,5,0,
pppnguyener,2,@angelaa_trannn LOL OOPS ????,0,0,0,
rickyterriquez,5,@anisarizo literally same...and I just stayed up to finish one last night :-),2,5,0,
k8giannini,6,@anthonycmarquez this seemed very you ????,2,5,0,
_nicolenaranjo,4,@ariiannnaa when are we going to hang out? ???? Remember the first time you took me out and we went to boiling crab?,1,3,2,
paja_thao,11,@arshsahota12 you'll have bigger problems my dear Arsh. Lol ????????????,3,2,2,
scoopofscorpio,10,@asdfcarrie from Rende? ????,0,0,0,
scoopofscorpio,6,@asdfcarrie YOU GOT THIS!,1,3,3,
_nicolenaranjo,11,@ashlizarraga but your bae will be there soon &lt;3,1,4,2,
_nicolenaranjo,9,@ashlizarraga Y itz Qt?,0,0,0,
rickyterriquez,8,@AshweeSpencer thanks b,1,3,2,
_nicolenaranjo,3,@astriddd42 no wonder it has been hot af.,0,0,0,
francapark,10,@AvaMousavi  https://t.co/HqtahauW5p,0,0,0,
theaaliyahsade,8,@avicaakes https://t.co/13UrL5omv5,0,0,0,
daisyarriaga1,2,@azelhh @_Maarriissooll for sure!!! it working with kids and teaching them how to read and write,2,5,0,
daisyarriaga1,2,@azelhh Hazzelll!!:) I'm listening to music for one of my classes,1,4,2,
_nicolenaranjo,12,@b_troop NO,2,5,0,
devyneverts,10,@baciouslewi @annika_m__ @claire_tami my cute little babies ????,1,4,2,
_nicolenaranjo,5,@bellaaaooo come outside lol,1,4,2,
_nicolenaranjo,4,@bellaaaooo come to my room puta ????????????,2,5,0,
_nicolenaranjo,11,@bellaaaooo fam that is so far!,3,2,2,
_nicolenaranjo,11,@bellaaaooo RFT lol,0,0,0,
_nicolenaranjo,4,@bellaaaooo where are you?,3,2,2,
scoopofscorpio,9,@bianca_loveless /ugly scream/ ????????,0,0,0,
rickyterriquez,7,@Breanna_Kattt Happy Birthday Killa ???\xae????,1,3,2,
theaaliyahsade,8,@bueno_steph @AreJayGeez @DavidGudiel @ayeerinn omg&lt;3,0,0,0,
theaaliyahsade,4,@bueno_steph side smile,2,5,0,
pppnguyener,2,@caseywong29 get better Casey! ????????,1,3,2,
rickyterriquez,7,@CelinaKemm Thank you so much \x9f????\x8f????,1,3,3,
scoopofscorpio,11,@chelsdabells a multipurpose gif at its finest,1,4,2,
scoopofscorpio,11,@chelsdabells lordt,0,0,0,
rickyterriquez,6,@christine_park8 ily bae,0,0,0,
rickyterriquez,5,@christine_park8 this some bullshit,3,1,2,
daisyarriaga1,10,@CindyyLuu_ aww miss you too! we should go to the snow this year us and u guys,1,3,2,
daisyarriaga1,10,@CindyyLuu_ aww miss you too! we should go to the snow this year us and u guys,1,3,2,
devyneverts,10,@cjgaeckle32 @Brockolli_1 better be ????,0,0,0,
theaaliyahsade,8,@COMPLEXFEATURES &lt;3 &lt;3 &lt;3,0,0,0,
rickyterriquez,7,@daaannieel16_ thank you so much \x9f????\x8f\x9f????\x8f,1,3,3,
_nicolenaranjo,10,@daisyarriaga1 *when,0,0,0,
theaaliyahsade,8,@DavidGudiel i didn\'t watch the whole thing\t but wow im disgusted,3,1,2,
theaaliyahsade,8,@DavidGudiel lost ho,0,0,0,
theaaliyahsade,4,@DavidGudiel no\t but i should,0,0,0,
theaaliyahsade,8,@DavidGudiel smh,0,0,0,
_nicolenaranjo,3,@DeeReneeDenise lub u #sometimez,0,0,0,
k8giannini,4,@dgoods22 no one can breach the wall of fangirls\t it\'s too dangerous,1,4,2,
macklork,10,@dianaatran yes,0,0,0,
theaaliyahsade,8,@dmxgrowl hair moisturizer ;),0,0,0,
theaaliyahsade,8,@dmxgrowl i have some issues,3,2,2,
Shea_bertolucci,5,@DreuxBertolucci @kkarp11,0,0,0,
Shea_bertolucci,0,@DreuxBertolucci me first though,0,0,0,
_nicolenaranjo,10,@eddneddyy #gettingmethroughweek10 lol,1,4,2,
_nicolenaranjo,9,@eddneddyy let me have it lmao,1,4,2,
_nicolenaranjo,10,@eddneddyy lmao poor Eddie (:(,1,4,2,
_nicolenaranjo,10,@eddneddyy then everyone just stares @ you n you think you are done coughing but really you ain't lol #beenthere,0,0,0,
_nicolenaranjo,10,@eddneddyy when your qb is an actual freshman #UCLA probz,1,3,2,
_nicolenaranjo,9,@eddneddyy yay! I needed a new rag! lol,1,4,2,
macklork,10,@elana_delrey also all these photos are from like sophomore year lol oops,2,5,0,
sgbrandonn,1,@fancyfred01 im going to drop them in the toilet in a bit ha,2,5,0,
scoopofscorpio,11,@Feauxho I'm deleting,2,5,0,
daisiessyrup,11,@FlipCupFreddy wow I feel honored lmao,1,3,2,
francapark,10,@francapark ....again,0,0,0,
francapark,8,@francapark I'm going to skin myself,0,0,0,
theaaliyahsade,8,@godTAMn i dont have skype on this computer and IDK HOW TOUSE GOOGLE +,2,5,1,
scoopofscorpio,7,@gracedagreat @itsbizkit @cthagod ????????????????,0,0,0,
theaaliyahsade,3,@gracedagreat u inspire me\t i motivate you\t we r perfect for eachother,1,3,2,
nancyh_22,2,@gxvl_  esta feo,0,0,0,
nancyh_22,7,@gxvl_ I miss you too,1,3,2,
nancyh_22,3,@gxvl_ me too. Christmas present for me,1,4,2,
nancyh_22,2,@gxvl_ no guey,0,0,0,
Shea_bertolucci,3,@haailey_3 oh stop ????,0,0,0,
francapark,2,@hanbrewington17  @ them,0,0,0,
francapark,0,@hanbrewington17 say NO to bullying,2,5,0,
francapark,0,@hanbrewington17 that\'s why you don\'t do those things with boys\t Hannah.,0,0,0,
francapark,8,@hanbrewington17 u,0,0,0,
macklork,2,@hannlev and scandal lol,0,0,0,
theaaliyahsade,8,@Hayattyaaaaas like I watched this like 6 times,2,5,0,
theaaliyahsade,5,@Hayattyaaaaas partycity get a pink wig for like 3 dollars,1,4,2,
theaaliyahsade,5,@Hayattyaaaaas YOURE SO CUTE OMG MASHAALLAH,1,3,3,
francapark,2,@hellakiara LMAO YES u should've said hi,1,4,2,
francapark,10,@hellakiara they need to leave me alone,2,5,0,
francapark,7,@hellakiara TRUE Now I have to decide if I want to miss class or not,2,5,0,
_nicolenaranjo,12,@henryfelix96 no somebody who had an anti-islamic agenda could have written that,2,5,2,
angelaa_trannn,2,@hinnybear Thanks you piece of ????,0,0,2,
theaaliyahsade,2,@hodanamazin @Mo_Hass24 i will. i will bc THAT isn\'t the point\t it\'s the idea of ppl questioning the legitimacy of cultural appropiation,2,5,0,
theaaliyahsade,2,@hodanamazin no i didn't.,2,5,0,
nancyh_22,11,@IbeSosa23 ya duermete lol,2,5,2,
theaaliyahsade,3,@IsaacPatronus haha you could literally do anything from neuroscience to physiology to biology to mimg\t it\'s all the same,2,5,0,
theaaliyahsade,3,@IsaacPatronus I think I might take it next quarter in that case !!!,2,5,0,
Lilly_vujacic,5,@JacquelineBaca9 thanks ????????,1,3,2,
Lilly_vujacic,11,@JacquelineBaca9 Thanks boo,1,3,2,
theaaliyahsade,7,@jasonhibono @YouTube hahah help\t do you have any pointers?,2,5,0,
_nicolenaranjo,3,@jenniferyeji doesn't miss me ????,2,5,0,
Lilly_vujacic,4,@jenniferyeji Negativity? I only bring positivity to this dorm lol,1,4,2,
Lilly_vujacic,4,@jenniferyeji Negativity? I only bring positivity to this dorm lol,1,4,2,
nancyh_22,7,@jenniferyeji si,0,0,0,
Lilly_vujacic,4,@jenniferyeji umm go back to doing your hw,1,4,2,
_nicolenaranjo,11,@jovanalizzet_ you already know!!!,1,4,3,
francapark,8,@jrhsierra ????????????,0,0,0,
rickyterriquez,5,@jzyroyal ????????,0,0,0,
_nicolenaranjo,11,@K__Dawggg maybe...lol how is your week?,2,5,2,
Lilly_vujacic,10,@k00lmom lol we deserve it tho\t we busted our asses last minute trying to finish that essay lol,1,4,2,
k8giannini,5,@k8giannini wait class was canceled!!!!,1,4,3,
rickyterriquez,7,@KaitlynCarrera thank you ???? love and miss you too \x9f\x9d???\x8f,1,3,2,
theaaliyahsade,2,@Katelynnxxoxo yes,0,0,0,
francapark,5,@kend_fitzgerald  https://t.co/CyNEljCAFE,0,0,0,
theaaliyahsade,8,@King_1904 school is the only way out\t keep ya head up,1,4,2,
theaaliyahsade,8,@King_1904 wow,0,0,2,
theaaliyahsade,3,@kitherrr lmaooooo\t y is he so condescending bruhhh\t this is not psychology of the hood\t ITS SOCIOLOGY,3,1,2,
theaaliyahsade,4,@kitherrr no u aint fam,3,1,2,
francapark,6,@kitherrr oh lmao ya I live there,1,4,2,
francapark,6,@KosherThunder noooo lol,0,0,0,
theaaliyahsade,9,@kowtharhussein I HOPE YOU HAD THE BEST TURKEY DAY,1,3,2,
francapark,6,@kristieholly I LOVE CHICAGO PD,1,4,3,
francapark,6,@kristieholly I WATCH IT ON https://t.co/pqk0wWHrZQ,1,4,2,
rickyterriquez,7,@lahiz_ Thank you bb???? see you next month ???\x8d,1,3,2,
nancyh_22,10,@Lilly_vujacic is sooooooo mean,3,2,2,
sgbrandonn,3,@Lilly_vujacic not really I got used to it after 20 mins lol,2,5,0,
nancyh_22,4,@Lilly_vujacic true,0,0,0,
francapark,12,@lilmelloyellow go to bed,0,0,0,
theaaliyahsade,8,@LittleThunsNaat how was it?!,2,5,0,
scoopofscorpio,11,@LoveliestNya ME ?????????????????????,0,0,0,
CHRISHTYCLAR,5,@Lynninsanityy he sounds perfect ???\x8d,0,0,0,
theaaliyahsade,9,@LynzieJetSetter hey can you message me back on facebook,2,5,0,
theaaliyahsade,8,@LynzieJetSetter perfect,0,0,0,
macklork,7,@macklork @LAdelstein it didn't tag u lol LOVE YA,1,4,2,
macklork,9,@macklork and yes I made a Facebook for my dog when I was 11 now you all know,3,2,2,
Shea_bertolucci,3,@maddyfarrar epic photo bomb. Miss you \x9f\x9d???\x8f,1,4,2,
macklork,2,@melodoubled I JUST FINISHED ITS SO GOOD IM GONNA DIE,1,4,3,
Shea_bertolucci,3,@mikennacorry I freakin love you so much \x9f\x9d???\x8f,1,4,2,
Shea_bertolucci,1,@mikennacorry TUXXXXXX,0,0,0,
theaaliyahsade,2,@Mo_Hass24 @renadawaaad what?,0,0,0,
theaaliyahsade,2,@Mo_Hass24 All most populations have left is their culture;we can never experience someone's struggle so we shouldn't be able to take it off,2,5,2,
rickyterriquez,7,@mojolicious_ THANK YOU MOJO ???? miss you too!,1,3,3,
daisyarriaga1,6,@mommaajayy hold it she is back?? no way i have only missed 2 episodes !!! no way,1,4,2,
daisyarriaga1,6,@mommaajayy shit i wish  i could watch but I'm working on 3 essays rn !! hate my life,3,2,2,
daisyarriaga1,6,@mommaajayy shit i wish  i could watch but I'm working on 3 essays rn !! hate my life,3,2,3,
_nicolenaranjo,1,@nancyh_22 !!!!!,0,0,0,
sgbrandonn,3,@nancyh_22 at what time lol,0,0,0,
sgbrandonn,9,@nancyh_22 fuck... and all my lecture notes got erased,3,2,3,
Lilly_vujacic,10,@Nataliaaa_12 thanks boo hope finals are a breeze for you \x9f??????love you ????????,1,3,2,
rickyterriquez,7,@NavyyBoyy thank you \x9f????\x8f????,1,3,2,
francapark,9,@nickelohdeon it looks like they got their shit from the homecoming section of Macy's,1,4,2,
francapark,5,@nickelohdeon OMG,0,0,2,
francapark,4,@nickelohdeon WHO AM I,0,0,2,
francapark,9,@NoahCasey hey,0,0,0,
scoopofscorpio,11,@ohhsesha  https://t.co/7m4OkKtnzv,0,0,0,
scoopofscorpio,11,@ohhsesha I am aware. Still relevant to you tho \x9f????\x8f,2,5,0,
scoopofscorpio,5,@ohhsesha I'm gonna run up on KB tmrw after class tbh,2,5,0,
scoopofscorpio,5,@ohhsesha imma try not to seem upset\t but I\'m angered by this,3,2,2,
francapark,2,@okayalli @stephanie_annk @Tanyaduuh me too !,0,0,0,
francapark,4,@okayalli I DID,1,4,2,
francapark,3,@okayalli love u smile,1,4,2,
lauraa_x16,5,@paolaisabunny 6/10,0,0,0,
pppnguyener,1,@penelizabeth same ????,0,0,0,
daisiessyrup,10,@Pouyalilpou describe ur upcoming album in one word,0,0,0,
angelaa_trannn,2,@pppnguyener THANK YOU! ???\x81???? I'm excited to see what the rest of the year has plan for us ???\x8d??\x8f\xaa,1,4,2,
francapark,8,@RachelFergusoon HAPPY BIRTHDAY I miss u so much I hope u have a happy happy day,1,4,2,
rickyterriquez,7,@RafaKnows Thank you! \x9f????\x8f??\x90?????,1,3,2,
rickyterriquez,7,@RafaKnows Thank you! \x9f????\x8f??\x90?????,1,3,2,
scoopofscorpio,6,@RamiroRamiroa14 ???\xa3,0,0,0,
scoopofscorpio,8,@RamiroRamiroa14 This is in LA....,0,0,0,
angelaa_trannn,2,@rann_the_man LOL I guess so ????,1,4,2,
angelaa_trannn,5,@rann_the_man Yeah I ammm ????,0,0,0,
lauraa_x16,0,@riceenthusiast how did you get that to happen??,2,5,0,
rickyterriquez,6,@rickyterriquez at least I hope it does,0,0,2,
rickyterriquez,3,@rickyterriquez update: he took me to a nice dinner and then we got ice cream at the Santa Monica pier and he paid for everything,1,3,2,
rickyterriquez,3,@rickyterriquez update: my professor loved this and wants me to expand on it,1,3,2,
scoopofscorpio,4,@Safiya_Hussein OK! I see you! ???\x8d???\x9d,0,0,0,
theaaliyahsade,4,@sailorsloppy LMAOOOO IM IN CLASS LIKE ALL DAY SMH,1,4,2,
theaaliyahsade,4,@sailorsloppy y u mad,1,3,2,
rickyterriquez,7,@sammygarcia90 thank you Ms. Secretitty \x9f????\x8f??????\x8f\xae,0,0,0,
rickyterriquez,7,@sammygarcia90 thank you Ms. Secretitty \x9f????\x8f??????\x8f\xae,1,3,2,
theaaliyahsade,3,@SaraDelReyyy OMG YOURE SO SWEET SARA THANKYOU\t I WISH I COULD BE AS HARDWORKING AS YOU SIS,1,3,3,
_nicolenaranjo,11,@SassyColdTree Yasss!!! Beth we have to hang out when you get back!!!!,1,4,3,
nancyh_22,9,@savioralias @Lilly_vujacic tu ponle los pinches corridos,0,0,0,
Lilly_vujacic,9,@savioralias @nancyh_22 jajaja pues que se aguante,0,0,0,
sgbrandonn,6,@savioralias best mechanism ever! works for everything,2,5,2,
Lilly_vujacic,9,@savioralias que haces w,0,0,0,
theaaliyahsade,2,@See_Say_92 craaazzzy,0,0,0,
nancyh_22,3,@sgbrandonn @Lilly_vujacic you don't need an eye patch anymore,0,0,0,
_nicolenaranjo,3,@sgbrandonn Ew.,0,0,0,
_nicolenaranjo,3,@sgbrandonn GTFO. DON'T TALK TO ME.,3,1,3,
Lilly_vujacic,3,@sgbrandonn Hahah nancy told me thats funny,1,4,2,
Lilly_vujacic,4,@sgbrandonn I am up,2,5,0,
paja_thao,12,@sgbrandonn my dog died???? lol jk hi,1,4,2,
Lilly_vujacic,11,@sgbrandonn Nancy said you fucked her over lol,1,4,2,
_nicolenaranjo,5,@sgbrandonn no,0,0,0,
_nicolenaranjo,3,@sgbrandonn stfu your mom brought you contact lenses #beblessed,1,3,2,
nancyh_22,7,@sgbrandonn yessss lol,1,4,2,
_nicolenaranjo,3,@sgbrandonn you have snake eye cause you snake af ??\x90\x8d,2,5,0,
rickyterriquez,12,@ShannonLKakuk I love u,1,3,2,
rickyterriquez,4,@ShannonLKakuk I love you b \x9f\x9d???\x8f,1,3,3,
paja_thao,7,@Sheaaaalee they're savages????,2,5,2,
theaaliyahsade,8,@sher_shenk so bomb,3,2,2,
francapark,7,@sighkt THIS IS SO FUNNY,1,4,2,
scoopofscorpio,5,@Sophias_wisdom aw thanks haha\t and I am\t just feeling stressed bc of midterms\t how\'s senior year? ???\x81????,1,3,3,
francapark,8,@stephanie_annk [?],0,0,0,
francapark,9,@stephanie_annk champagne papi,0,0,0,
francapark,6,@stephanie_annk chocolate,0,0,0,
francapark,9,@stephanie_annk FUCKCKKXKX,3,2,2,
francapark,12,@stephanie_annk this is like the time when u walked by Joan rivers and then she passed away the following week,2,5,0,
francapark,5,@stephanie_annk U CAN DO IT,1,3,2,
francapark,3,@stilltrevor me too lets go,1,4,2,
francapark,0,@stilltrevor omg ???\x8d????????,0,0,0,
ChristyLovee_,10,@suank800 this guy insta is ??????\x8f? imxtana \t\t he\'s dope af,0,0,0,
macklork,2,@SuzieMarco send pic omg,2,5,0,
theaaliyahsade,2,@Takaitheartist !,0,0,0,
francapark,12,@Tanyaduuh come to DC !,1,3,2,
theaaliyahsade,2,@TaylorMadeThat i'm surprised you missed it :/,2,5,0,
theaaliyahsade,8,@theaaliyahsade @jjordannnnn,0,0,0,
theaaliyahsade,8,@TierraSmiles_ come over,2,5,2,
theaaliyahsade,4,@TierraSmiles_ omg ur awake asdfghjkl,1,4,2,
k8giannini,7,@UCLA #thehill https://t.co/fqqV7PgxAM,0,0,0,
angelaa_trannn,0,@UCLAVolunteer I hope to volunteer again next year! ????,1,4,2,
scoopofscorpio,11,@vivianaliar I support this ????,0,0,0,
theaaliyahsade,2,@vrkatat so if you have an understanding of history\t how can you deny the link between past exploitation and present day privilege?,2,5,0,
theaaliyahsade,2,@vrkatat the spread of rice is continued through these structures. we can\'t deny the implicit racism of the system\t this isn\'t appropiation,2,5,0,
scoopofscorpio,11,@WaitingOnDarius https://t.co/PBBOFI2v6R,0,0,0,
daisyarriaga1,3,@WestCoastGee  so we r both using humor i see !!!,1,4,3,
daisyarriaga1,1,@WestCoastGee hows Cal state la,0,0,0,
daisyarriaga1,3,@WestCoastGee lol that because there was !!!,1,4,2,
daisyarriaga1,1,@WestCoastGee ohh trust i do way harder than u lol,1,4,2,
daisyarriaga1,1,@WestCoastGee thanks!! lol,1,4,2,
daisyarriaga1,1,@WestCoastGee Thats so cool I miss David now!!!Well i made friends during the summer so i hang out with them.,1,3,2,
daisyarriaga1,1,@WestCoastGee thats's good!!! R u dorming on campus?,1,4,2,
theaaliyahsade,4,@whostru_ ur (tru)ly amazing,1,3,3,
theaaliyahsade,4,@xandriaaj everybody is going,1,4,2,
daisyarriaga1,8,@xmyy_ miss u  too????,1,3,2,
francapark,1,@yanateix happy birthday beautiful lady I hope it's everything you wished for! ????,1,3,2,
devyneverts,1,*Gets Bronchitis the first 2 weeks of college*,3,2,2,
scoopofscorpio,3,*prays to stop being so petty*,0,0,2,
rickyterriquez,5,\x9f????\x8f\x9f????\x8f???? I'm still sad we didn't run into each other at Disney :(,3,2,2,
francapark,1,#blockheadsla,0,0,0,
VintedAlyssa,0,#BRUINBASH 2015 ! http://t.co/vVLgUMkgNA,1,4,2,
scoopofscorpio,8,#FlogGnaw https://t.co/tgrBzmpD9L,0,0,0,
Shea_bertolucci,3,#MajorBlast ???????? http://t.co/5rwh4LWEWz,0,0,0,
scoopofscorpio,9,#notevensurprised  https://t.co/IGfHD5nPaZ,0,0,0,
daisyarriaga1,5,#Selena is life,0,0,0,
piwrightonline,2,#thirdtweet,0,0,0,
sgbrandonn,2,#UCLAStudents stand with #LAStreetVendors. #LegalizeStreetVending All Over #LA. Will You? @CurrenDPriceJr @josehuizar @elaccOrg,1,4,2,
VintedAlyssa,1,#uclaVSasu come on guys get your shit together .,3,1,2,
Lilly_vujacic,10,#Week10 ???????? https://t.co/rF9cSoYifB,0,0,0,
scoopofscorpio,6,1 more week ??????\x8f? https://t.co/EqQsat3UAv,1,4,2,
_nicolenaranjo,3,12 year olds these days look 25!!!,1,4,2,
sgbrandonn,6,15 minutes early to class... 15 minutes that I could've spend sleeping,3,2,2,
NYokubaitis,9,29 days til Christmas,1,4,2,
evelyn_fierro,10,40 hrs without any sleep or rest. Finals week soon to start ???? ????????,3,2,2,
theaaliyahsade,2,5.WE WANT EDUCATION THAT TEACHES US OUR TRUE HISTORY AND OUR ROLE IN THE PRESENT-DAY SOCIETY. (cough* AEP* cough),0,0,0,
scoopofscorpio,6,6 more hours and I can finally register to vote!,1,4,2,
_nicolenaranjo,2,A girl in my English class just so happen to be in the racist sorority on campus. I learned this after I read her essay about minimum wage.,3,1,1,
theaaliyahsade,3,a huge # of Bruins felt deeply disrespected instead of made to feel at home \x9f?? during Black Bruin Welcome Week. http://t.co/NGikjE9zal,0,0,0,
_nicolenaranjo,3,a lot of people hated me in high school now that I think about it lmao,1,4,2,
_nicolenaranjo,0,A nap sound good but a double double sounds better! #hungry,3,2,2,
ChristyLovee_,2,A paper due and math hw ????,3,2,2,
sgbrandonn,10,A tear came out of my eye when I set an alarm for 6:30am,3,2,2,
theaaliyahsade,6,a wise man understands not every battle is a war,2,5,0,
taytay_shanay,12,"a woman just walked past me with a shirt that said ""may your tequila be strong and your weekend be long"" i feel blessed",1,3,2,
theaaliyahsade,1,Afrikan Diaspora floor doing me riiiiight,2,5,0,
theaaliyahsade,8,AHH I CANT WAIT TO SEE KENIYAH NEXT WEEK,1,4,3,
sgbrandonn,8,ALEKS is testing my patience,3,2,2,
_nicolenaranjo,11,All at once I thought I had it all but\t it doesn\'t mean anything now that you are gone.,3,2,2,
theaaliyahsade,2,all praise due to the most high,2,5,0,
daisyarriaga1,2,"all the ""myths"" of periods are true ",2,5,0,
AndrewKnapp13,10,All the free shirts https://t.co/btaIRo3Q0j,2,5,0,
daisyarriaga1,4,all these school kids are so excited to throw pennies in the fountain,2,5,2,
KAISERxDRAGON,3,Almost busted the back of my heel open lol. Stupid scooter. XD,1,4,2,
Lilly_vujacic,3,Almost done with this stupid essay,3,2,2,
lifewarrior94,0,Almost every successful person begins with 2 beliefs: the future can be better than the present\t and I have the power to make it so.,1,3,2,
theaaliyahsade,9,also stop cussing,3,1,2,
scoopofscorpio,9,Also\t more investment in finding time to hang out with people\t not because they are available\t but because we connect \x9f????\x8f,1,3,2,
scoopofscorpio,3,always feels good to be off campus ????,1,4,2,
francapark,1,Am now the publicity chair of my floor #R3SLYFE #swag!!!!!!!,1,4,2,
theaaliyahsade,3,AMEN https://t.co/QRaIW7K22e,0,0,0,
Lilly_vujacic,4,Amen to that https://t.co/n94d5axwAY,0,0,0,
theaaliyahsade,3,AMEN! https://t.co/UYl5lg0rBT,0,0,2,
theaaliyahsade,3,AMEN! https://t.co/UYl5lg0rBT,0,0,0,
macklork,5,An important realization https://t.co/sY3av3LToN,0,0,0,
paja_thao,6,And I just want to fly.. Fly.. Fly away for a bit,2,5,1,
sgbrandonn,9,And I've been having nightmares at night lol,1,4,2,
KAISERxDRAGON,11,And my printing fee comes out to be 202.50 for this quarter. Oh man. Merry Christmas to me. -.-,3,2,2,
KAISERxDRAGON,11,And my printing fee comes out to be 202.50 for this quarter. Oh man. Merry Christmas to me. -.-,3,2,2,
ChristyLovee_,3,And Takk,0,0,0,
KAISERxDRAGON,7,And.. I fell in to temptation. Fallout4 here I come... and all nighter here I come?,1,4,2,
theaaliyahsade,6,anger is often deep seated and complex\t a secondary emotion that consumes an individual in defense of more vulnerable feelings,2,5,0,
francapark,0,Anyone in LA who's going to kam wanna house me for a night :-),2,5,0,
theaaliyahsade,2,anyway,0,0,0,
theaaliyahsade,9,Apparently I\'m going to ABC\t aye it\'s lit.,2,5,2,
theaaliyahsade,2,as muslims we shouldn\'t be disrespecting each other like this\t unity y\'all.,2,5,0,
ChristyLovee_,2,ASU is leading an action in response to the current racial incident. Please come to the bruin bear\x9f?? https://t.co/gaSC7XvZOY,2,5,2,
lauraa_x16,0,awkward moment when u post a regular snapchat to your story,2,5,0,
_nicolenaranjo,7,Baby boi. Andre ???? https://t.co/a8ySAj8X7m,2,5,0,
rickyterriquez,11,backseat\t windows up,2,5,0,
_nicolenaranjo,3,basic bitches from HS are annoying.,3,1,3,
angelaa_trannn,9,BCAF FAM ???? So thankful that I was able to be a part of the UCLA KASA Dance Off legacy. I'm so glad\x9f?? https://t.co/yuxl1YOzMC,1,4,2,
angelaa_trannn,9,BCAF FAM ???? So thankful that I was able to be a part of the UCLA KASA Dance Off legacy. I'm so glad\x9f?? https://t.co/yuxl1YOzMC,1,3,2,
k8giannini,1,Be an English major! So you can learn words like: would you like fries with that? - Professor Chayes,2,5,0,
theaaliyahsade,7,Being a part of a communtiy full of the strongest\t most socially conscious and determined individuals #BlackOnCampus,1,3,2,
_nicolenaranjo,3,Being broke sucks.,3,2,2,
KAISERxDRAGON,2,Being the floor dj and doing homework. Like a boss,1,4,2,
angelaa_trannn,9,Best experience ever ???\x8d,1,4,3,
rickyterriquez,5,bet you wish you had this when you could've,2,5,0,
Lilly_vujacic,2,Boba sounds good right now,1,4,2,
theaaliyahsade,3,BONITA APPLEBUM YOU GOTTA PUT ME ON,0,0,0,
KAISERxDRAGON,4,Branding explained! Yes!,1,4,2,
KAISERxDRAGON,4,Branding explained! Yes!,1,4,2,
Lilly_vujacic,4,Brandon only comes because we have AC and food ???\xaa,1,4,2,
theaaliyahsade,2,BRUH THERE IM AT THE RONALD REAGEN MEDICAL CENTER AND THE DOCTOR SITTING NEXT TO ME IS A BLACK MAN WITH MD PhD ON HIS NAME TAG #excellence,1,3,2,
francapark,0,Burnt popcorn. Unfortunate.,3,2,2,
scoopofscorpio,11,but I'm ???? https://t.co/N3ig1iA6fX,0,0,0,
theaaliyahsade,3,but islam was spread by the sword?,2,5,0,
ChristyLovee_,7,But this is what I chose,2,5,0,
theaaliyahsade,4,buying experiences won't make you happy,2,5,2,
_nicolenaranjo,3,byeeee https://t.co/guCNty9b5g,0,0,0,
theaaliyahsade,2,can i shadow you sir?,2,5,0,
sgbrandonn,3,Can I win the lottery #thecollegestudentstruggleisreal,1,4,2,
nancyh_22,1,can't wait for Friday!!!,1,4,2,
daisyarriaga1,7,can't wait for my glasses to arrive,1,4,2,
ThatAsian_Zeke,8,Casually scrolling through instagram when https://t.co/qw0o64P6pV,0,0,0,
rickyterriquez,8,Chanel #3 is Princess Leia's daughter lol,2,5,0,
NYokubaitis,5,"Check out this UCLA startup I\'m a part of! Charge cards with built in cord. Use promo code ""NICHOLAS""  for 15% off! https://t.co/NVcVZyuHVx",2,5,0,
NYokubaitis,5,"Check out this UCLA startup I\'m a part of! Charge cards with built in cord. Use promo code ""NICHOLAS""  for 15% off! https://t.co/NVcVZyuHVx",2,5,0,
NYokubaitis,5,"Check out this UCLA startup I\'m a part of! Charge cards with built in cord. Use promo code ""NICHOLAS""  for 15% off! https://t.co/NVcVZyuHVx",2,5,0,
scoopofscorpio,6,check the CCLE site and finding out you passed an assignment is honestly one of the best feelings in the world ???\x8f??\x8f?,1,4,3,
pppnguyener,8,chem midterm\t preparing for high school conference\t and long dance practices...sigh my week is going cray,3,2,2,
CarlosRamirezEn,0,"Chemistry Teacher: ""Who\'s pre-med?""",2,5,0,
ChristyLovee_,12,Chicken \x9f????\x8f???\x8f https://t.co/pdANVu2hHd,0,0,0,
theaaliyahsade,8,College is cool until you have no phone or computer\t 2 essays due\t bad sleeping habits and $4 in your account,3,2,2,
_nicolenaranjo,3,College is stressful af.,3,2,2,
paja_thao,4,College....sigh..,3,2,2,
AndrewKnapp13,11,Coming home https://t.co/xVetEOX0r9,1,4,2,
theaaliyahsade,8,comment MBTI and rising/sun/moon signs,2,5,0,
daisyarriaga1,4,could it be??,0,0,0,
paja_thao,2,Cpo is amazing!!!,1,4,2,
lifewarrior94,4,Create projects\t build\t be an engineer\t be an entrepreneur.,2,5,0,
Lilly_vujacic,10,Currently my fav song,1,4,2,
theaaliyahsade,4,damn. &lt;33 https://t.co/fPZKbj7eZs,0,0,2,
theaaliyahsade,4,damn. &lt;33 https://t.co/fPZKbj7eZs,0,0,0,
theaaliyahsade,8,DAVID COME TO UCLA ON THURSDAY AND WATCH MOCKINGJAY pt 2 IN WESTWOOD,1,3,3,
evelyn_fierro,12,Dead tired but too much to do ????,3,2,2,
theaaliyahsade,5,death is only caused by a loss of homeostasis,0,0,0,
piwrightonline,4,Defense of Poetry by Sir Philip Sydney is pretty boring. Just a rehash of Boccaccio #rehash #Boccaccio,0,0,0,
francapark,4,Destressed https://t.co/Zz770aB3wE,3,2,2,
rickyterriquez,12,did it work???????\x8f? https://t.co/wounf0a2Ot,2,5,0,
rickyterriquez,1,did you get uglier?,3,1,2,
rickyterriquez,4,do u ever go out of ur way to spend more time w/ straight boys for that .00001% chance something will happen? bc same,2,5,0,
sgbrandonn,7,Dom is so COOL #FSP,1,4,2,
theaaliyahsade,2,don't do drugs if you can't handle drugs....,2,5,0,
lifewarrior94,2,Don't lose priority. Get out there and win!!!!!!,1,4,2,
theaaliyahsade,2,don't y'all ever get tired of old white men?,3,1,2,
Lilly_vujacic,1,Done for today,1,4,2,
sgbrandonn,1,Done with classes! https://t.co/2xUkJ4stoG,1,4,3,
daisyarriaga1,11,Drake the inspiration behind my poli sic essay lets see how this goes!!!!,1,3,2,
daisyarriaga1,5,dreaming of you,0,0,0,
VintedAlyssa,3,Dude that catch was amazing ...,1,4,2,
lauraa_x16,0,Dude you know what else we should make a playlist for? Cake making! -some random guy,1,4,3,
KAISERxDRAGON,0,Elevator broken. At least it isn't both..,2,5,0,
theaaliyahsade,6,emotions are the most natural/ understandable thing\t but expressing ones emotions in childish ways as an adult wont earn any1 compassion,2,5,0,
theaaliyahsade,2,energetically speaking you can be whoever you want to be,1,4,2,
theaaliyahsade,2,environment is everything,2,5,2,
scoopofscorpio,6,essay complete ???\x8f??\x8f?,1,4,2,
_nicolenaranjo,1,Essay due at 12 and I'm not done.,1,4,2,
_nicolenaranjo,10,Even if I do not do as well as expected\t I learned so much.,1,3,2,
theaaliyahsade,5,even the genius asks questions,1,3,2,
theaaliyahsade,2,even tho it\'s a part of our culture\t if ppl were educated on ableism they would make an effort not to use this lingo https://t.co/lFaUpvu9mt,3,1,2,
Lilly_vujacic,4,Even though it look a lot of my time,2,5,0,
scoopofscorpio,8,ever want to complain about my personality and mannerisms? Talk to my mother.,1,3,3,
nancyh_22,11,everyone is invited to my funeral,1,4,2,
_nicolenaranjo,12,Everything fell apart during fall quarter.,3,2,2,
_nicolenaranjo,6,Evolution \x9f?? https://t.co/J63pV8TcMY,0,0,0,
paja_thao,5,Exhausted but not tired. How does that happen?,2,5,2,
sgbrandonn,10,eye bag game strong AF !,0,0,0,
Lilly_vujacic,10,Feeling depressed,3,2,3,
KAISERxDRAGON,1,Finally ate with people today. XD,1,3,2,
daisyarriaga1,3,FINALLY GETTING THIS ESSAY DONE,1,4,2,
KAISERxDRAGON,1,Finally took a shower. Time to go sleep. Class at 9 am tmrw!,1,3,2,
theaaliyahsade,6,FIRE https://t.co/LB0QTWrfQC,0,0,0,
CarlosRamirezEn,0,First day of classes at UCLA. Spending it playing guitar with others in my residence hall. #musicians,1,4,3,
CarlosRamirezEn,0,First day of classes at UCLA. Spending it playing guitar with others in my residence hall. #musicians,1,4,2,
Lilly_vujacic,0,Floor Seats ???????????? #bruinbash http://t.co/ye8QI5ufBM,1,4,2,
_nicolenaranjo,2,Folklorico practice 2day ??????\x8f?,0,0,0,
evelyn_fierro,4,Food after a day of no food ????,1,4,2,
NYokubaitis,2,For the seniors stressed over college apps right now: trust me\t it\'s worth it.,1,3,2,
theaaliyahsade,9,forensic anything,0,0,0,
theaaliyahsade,3,FORREAL https://t.co/SWTyEi9gtq,0,0,0,
paja_thao,3,Freaken DEMOCRATIC DEBATE getting HOT. #DemDebate #BernieSanders ????????????,1,4,3,
KAISERxDRAGON,3,FREE DAY IN SAN FRAN! YAY!,1,4,2,
rickyterriquez,2,fucked my way up to the top,1,4,2,
paja_thao,3,Fucking. Homework.,3,2,2,
k8giannini,6,Getting homework done before 3am! ???????? #homeworkgoals,3,2,2,
AndrewKnapp13,1,Go Bruins! http://t.co/AfNNA5CoF2,1,4,2,
pppnguyener,0,GO BRUINS!!! ???????????? http://t.co/5lKW69FBKx,1,4,2,
pppnguyener,0,GO BRUINS!!! ???????????? http://t.co/5lKW69FBKx,1,4,2,
angelaa_trannn,7,God I need to do good ???????\x8f??\x8f\xaa,1,3,2,
VintedAlyssa,0,Going home today :D family time ^\t^,1,4,3,
sgbrandonn,11,got rid of my 8am lab and got a later time THANKGOD,1,3,2,
pppnguyener,7,grades are falling like the leaves on campus ??\x8d\x81??\x8d???\x8d? what is gpa,3,2,2,
Shea_bertolucci,0,GUESS WHO DOESN'T HAVE TO BUY TEXT BOOKS,1,4,3,
taytay_shanay,0,"Guy hitting on my roommate: ""your hair IS soft!"" *feels hair*",1,4,2,
sgbrandonn,2,haha this is early,2,5,0,
sgbrandonn,1,hahahah,0,0,2,
nancyh_22,5,Halloween costume: stressed as fuck. Essay due Thursday and two midterms on Monday.,3,2,2,
_nicolenaranjo,3,Halloween is coming up. This isn't a costume. My brother was actually president. Look at that girl in the back! Haha http://t.co/fyZx8bJR5L,2,5,0,
macklork,7,happy bday lillian!!!!!! love you and miss you so so much and hope to see u soon???????????? hope u have an amazing day!!! https://t.co/Tqg0OGI5Of,1,4,3,
Shea_bertolucci,7,Happy BEARthday ??\x90? https://t.co/ppvAEpBDYN,0,0,0,
NYokubaitis,9,Happy birthday to the homie @Brendan_OBrien1 miss you bro. Much love and hope it's a good one! https://t.co/Yjn2MN0Vs9,1,3,3,
angelaa_trannn,2,Hate it when people don't start on time.. ????,3,2,2,
Lilly_vujacic,8,Hating on my roommate rn,3,2,3,
Lilly_vujacic,2,Have so much to do,3,2,2,
Lilly_vujacic,1,Have to start getting more sleep,2,5,0,
Lilly_vujacic,4,Haven't played tennis in a while,2,5,0,
sgbrandonn,5,He literally just emailed is an assignment at 8am that is due before 4pm,3,2,2,
ChristyLovee_,3,He not dead yet..... Y'all need to pray for him,1,3,2,
theaaliyahsade,3,he said there\'s more black men in prison than this university like that\'s the black men\'s fault\t WHAT ABOUT PROP 209 HO?!?!?!,0,0,0,
rickyterriquez,5,hella cute boys at b-plate,2,5,0,
piwrightonline,10,Here are some people you might enjoy following Lists three institutions. Twitter is very #stupid,3,1,1,
taytay_shanay,6,Hey David let's go get manbuns together! -@slumdogmilanare,1,4,2,
taytay_shanay,6,Hey David let's go get manbuns together! -@slumdogmilanare,1,4,2,
taytay_shanay,0,Hi I'm tweeting for a sociology study get on my level wow this is 100% worth $75,1,4,2,
theaaliyahsade,3,hillary clinton keeps bringing up how she would be the first female pres\t but she a white feminist and don\'t really care about anything?!,2,5,0,
daisyarriaga1,5,hold up @____veee ur having a baby?? https://t.co/NXeyl4RcoN,0,0,0,
daisyarriaga1,5,hold up @____veee ur having a baby?? https://t.co/NXeyl4RcoN,0,0,0,
daisyarriaga1,7,Hold up so she doesn't understand it but like it ?? hummm i guess music is a universal language,2,5,0,
sgbrandonn,7,Holy fuck it's 2:40 already I've spent half the day sleeping,3,2,2,
ThatAsian_Zeke,9,Holy fucking shit @aaroncarter https://t.co/Y42Xoq1R9r,0,0,3,
angelaa_trannn,11,Home sweet home ??????\x8f?,1,3,3,
sgbrandonn,11,Home sweet home ???\x8f??\x8f\xaa,1,4,2,
angelaa_trannn,0,Hopefully I do better next week ???????\x8f??\x8f\xaa,1,3,2,
paja_thao,3,Horchata!!!,0,0,2,
pppnguyener,6,how do high schoolers survive on less than six hours of sleep!!!,1,3,2,
theaaliyahsade,2,how you do this?,2,5,0,
daisyarriaga1,6,hpw cute!!! https://t.co/JhiGy9OQmR,0,0,2,
theaaliyahsade,2,human suffering makes the world go round,3,1,2,
KAISERxDRAGON,4,Hunger meet workshop. Workshop meet hunger. https://t.co/bUqCciKRoj,0,0,0,
_nicolenaranjo,11,I accidentally dropped my phone in the toilet.,3,2,2,
scoopofscorpio,11,I always let my friends know that no one is good enough for them.,2,5,0,
_nicolenaranjo,5,I am just chilling in my room feeling like shit with a million things on my mind with a million things to do...,3,2,2,
theaaliyahsade,3,i be talking hella thuggish in my mind\t but acting respectable af during confrontations,3,1,2,
scoopofscorpio,8,I can just tell this is going to be a good week tbh,1,4,2,
sgbrandonn,6,I can sleep all day but I have to get up????,3,2,0,
sgbrandonn,3,I can't wait to go home,3,2,2,
_nicolenaranjo,4,I can't wait to TU this weekend.,1,4,2,
ChristyLovee_,5,I can\'t\t I gotta turn this ac on,2,5,0,
_nicolenaranjo,3,I didn't like many people in my graduating class anyways. They never kept it real!,3,1,2,
daisyarriaga1,11,i do !!!,0,0,0,
_nicolenaranjo,7,I don't care. You don't care.,2,5,0,
sgbrandonn,6,I don't even know who I follow Haha,1,4,2,
pppnguyener,4,I don't even understand school anymore ????,3,2,2,
scoopofscorpio,11,I don't miss LA yet lol,1,4,2,
_nicolenaranjo,8,I don't remember my brothers being this cute ????\x9f\x9d???\x8f https://t.co/m4Qj6Zr7KI,1,3,2,
ChristyLovee_,12,I don't understand how people in high school be stressed about finals .. That shit easy af,3,1,3,
k8giannini,10,I don't want to go to class,3,2,2,
sgbrandonn,3,I don't want to leave,3,2,2,
Lilly_vujacic,3,I don't want to start my ethno essay,3,2,2,
scoopofscorpio,1,I don\'t even feel nervous\t hm,1,4,2,
VintedAlyssa,10,I feel bad for not working out ):,3,2,2,
sgbrandonn,5,I feel goooodd I had 10 hours of sleep,1,3,3,
sgbrandonn,3,I feel guilty AF,3,1,0,
_nicolenaranjo,5,I feel like I am going to barf.,3,2,2,
sgbrandonn,4,I feel so empowered after this session  !!!,1,3,3,
_nicolenaranjo,11,I feel ya @daisyarriaga1 @justinbieber is the loml &lt;3,0,0,0,
_nicolenaranjo,4,I got hours of sleep doe ????????????,3,2,2,
Lilly_vujacic,10,I hardly ever take naps so I feel guilty,3,2,2,
scoopofscorpio,3,I hate accidentally finding things out ????,3,2,2,
francapark,4,I hate cramps,3,2,2,
lauraa_x16,1,I HATE EVERY PERSON WHO IS IN THE FRONT AND NOT ROCKING OUT TO @thebottlemen,3,1,3,
paja_thao,6,I hate math now,3,1,2,
_nicolenaranjo,11,I HATE PLUSES AND MINUSES ON GRADES SMH,3,2,2,
francapark,2,I hate probability. That shit makes so sense to me,3,2,2,
k8giannini,4,I hate puppies and underprivileged children\t stop asking me to join your club!!!i just want to get to class in peace ????,3,1,2,
Lilly_vujacic,7,I hate waking up late,3,2,2,
rickyterriquez,4,I have a paper to write and my laptop thought it'd be cute to have to update \x9f????\x8f,3,2,2,
_nicolenaranjo,6,I have done nothing.,3,2,2,
scoopofscorpio,8,I have overused my swipes for the quarter\t I will do better next.,3,2,2,
VintedAlyssa,0,I have school tomorrow and idk how I feel about that ?,3,2,2,
Lilly_vujacic,9,I have to do my essay but I keep procrastinating,3,2,2,
_nicolenaranjo,1,"I have to do the stupid ""think about it"" course. Are you serious. I have better things to think about.",3,1,2,
Lilly_vujacic,5,I have to think positive,1,3,2,
Lilly_vujacic,3,I haven't gotten anything done,3,2,2,
nancyh_22,9,I haven't seen him since father's day.,2,5,0,
daisiessyrup,11,I HIT ROCK BOTTOMMMMMM,3,2,3,
daisyarriaga1,10,i hope she likes it because this shit is taking up all my time,1,3,2,
francapark,4,I just spent $7 on candy ugh,3,2,3,
rickyterriquez,12,I just started the fosters on Netflix...goodbye sleep &amp; social life,1,4,2,
ChristyLovee_,5,I just want this class to be over,3,2,2,
rickyterriquez,7,I just want to wrap myself up in a blanket with a bae,2,5,0,
sgbrandonn,3,I just woke up from a nap..what are naps,1,4,2,
ChristyLovee_,10,I know some rapper is gonna come out w a new song about Kobe,2,5,0,
theaaliyahsade,2,i know that that isn\'t always true\t but if you go through life in ur feelings and out of control u will never b happy,2,5,0,
rickyterriquez,5,I like Ariana Grande so much\t I want to order an Ariana venti,1,4,2,
_nicolenaranjo,6,I listen to classical music because I heard that people who listen to classical music are smarter than people who listen to Fetty Wap.,2,5,2,
sgbrandonn,9,I lost my earphones somewhere in my house and I can't find them ????,3,2,2,
Lilly_vujacic,12,I love Disneyland,1,4,2,
daisyarriaga1,10,i love doing secretive cute surprises during the Holidays makes me feel like I'm one of Santa's Elves!! #WhereMyPayCheckAtThoeSanta,1,3,2,
theaaliyahsade,8,I LOVE FACEBOOK BC ALL THE OLD PEOPLE DRAMA\t but can y\'all keep ur ugly views about syrians\t muslims and caitlyn jenner to urself omg,3,1,2,
theaaliyahsade,7,I love how @leenalilo is so into photography\t I can\'t wait to see the world through your eyes sis. #muslimahexcellence,1,4,2,
rickyterriquez,12,I love it when you give me head\t I hate it when you give me headaches,0,0,0,
francapark,11,I love la but I'm so happy to be home :),1,4,2,
theaaliyahsade,8,I love learning about Ethiopia,1,4,2,
ChristyLovee_,6,I love piercings,1,4,2,
_nicolenaranjo,0,I love sleeping!,1,4,2,
_nicolenaranjo,5,I mailed myself a present (-:,1,4,2,
rickyterriquez,3,I mean I have my own opinions\t but I\'ll keep those to myself,2,5,0,
_nicolenaranjo,0,I miss coffee cake Thursday's!,3,2,2,
daisiessyrup,4,I miss you. Forever will miss u https://t.co/SLXlSeUjEP,1,3,2,
sgbrandonn,3,I missed the AC and the fast WIFI,3,2,2,
_nicolenaranjo,1,I missed the deadline registration for the LA Marathon and now I have to pay more. #sadandbroke,3,2,2,
rickyterriquez,4,I need a nap,2,5,0,
scoopofscorpio,6,I need my internship to start soon so I can be productive again lol,1,3,2,
paja_thao,2,I need to go to the store. Getting cluster phobic just being in my room.,3,2,2,
sgbrandonn,1,I need to hurry up and finish up these reflections,3,1,2,
ChristyLovee_,8,I need to let out all this anger,3,1,2,
angelaa_trannn,0,I need to start hitting the gym soon ????,1,3,2,
_nicolenaranjo,4,I need to study for my midterm.,3,2,2,
daisiessyrup,4,I PASSED MY MATH MIDTERM. YASSSSSSSSS,1,4,3,
sgbrandonn,6,I really do not like this time change because it gets so dark so early,3,2,3,
theaaliyahsade,8,I really miss the somali community,3,2,2,
sgbrandonn,7,I really thought that was it for my phone,2,5,2,
theaaliyahsade,3,I really want to talk to some ppl from high school\t but hey decide to be extra and delete their social media and i have no phone sooo,3,2,2,
lauraa_x16,1,I refuse to believe that I threw away all of Mr. and Mrs. Worths' notes but kept all of Duarte's,2,5,0,
scoopofscorpio,2,I say the most odd things sometimes,2,5,0,
taytay_shanay,8,I sexually identify myself as a spork\t thank you very much. -David,1,4,2,
_nicolenaranjo,3,I should be finishing my homework but I can't help but feel blessed.,1,3,3,
_nicolenaranjo,1,I started my period today and the moon is red. Coincidence?,2,5,0,
taytay_shanay,6,I think I did well on the quiz. I think everyone failed it and I failed it too\t but I failed it less than everyone else. #overheardatUCLA,3,2,2,
taytay_shanay,6,I think I did well on the quiz. I think everyone failed it and I failed it too\t but I failed it less than everyone else. #overheardatUCLA,1,3,2,
paja_thao,11,I think that if we were objects in this world\t our irrelevancy would kill us slowly and we would diminish within a second of time.,2,5,0,
_nicolenaranjo,2,I want a check plus.,2,5,0,
VintedAlyssa,10,I want it to ship already /:,3,2,2,
theaaliyahsade,3,I want keniyah to make another film about muslimahs when she gets here,1,3,2,
theaaliyahsade,2,I WANT TO ASK HIM ABOUT HIS LIFE SO BADLY OMG,1,4,3,
daisyarriaga1,5,i want to be able to get whatever i want again,2,5,0,
Lilly_vujacic,11,I want to go home ???\x81,3,2,3,
theaaliyahsade,6,I want to travel and see beautiful places or whatever\t but what\'s more important to me is meeting people from different places,2,5,0,
scoopofscorpio,5,I was so happy to find that people understood my costume:,1,4,2,
scoopofscorpio,7,I was stressed out about my essay\t but then I got this email from my TA. ??????\x8f? https://t.co/M8hlalZ9I7,3,2,2,
sgbrandonn,6,I was suppose to leave yesterday night but I stayed,2,5,0,
francapark,9,I wear the same pair of sweats to my 8am my classmates probably think I own nothing else,2,5,0,
scoopofscorpio,7,I wish I could have heard what that student shouted during the rally that caused such unrest ????,2,5,2,
francapark,11,I would love if these 3 asteroids on my face could leave thanks,1,3,2,
Lilly_vujacic,4,I wouldn't know what that feels like. I'm from LA  https://t.co/D7RGAheEdz,0,0,0,
theaaliyahsade,3,I'm a wanderer,2,5,0,
_nicolenaranjo,9,I'm famous and came out on the news!,1,4,2,
nancyh_22,0,I'm fucken scared it's the first day of class.,3,2,3,
VintedAlyssa,1,I'm locked out of my room,3,2,2,
rickyterriquez,12,I'm sad &amp; eric went to sleep so now I'm sad &amp; lonely ????,3,2,2,
Lilly_vujacic,1,I'm so sleepy,3,2,2,
angelaa_trannn,3,I'm so sore ????,3,2,2,
nancyh_22,3,I'm soo sleepy but I have hw to finish.,3,2,2,
nancyh_22,9,I'm soooo happy my brother is coming back,1,4,2,
sgbrandonn,7,I'm still not done with midterms ????????,3,2,2,
nancyh_22,4,I'm surprise Brandon is not here eating my food.,1,4,2,
francapark,8,I've always hated cheese sticks,3,1,2,
Lilly_vujacic,6,I've been listening to mariachi for 4 hours straight now,2,5,2,
theaaliyahsade,0,I've changed my schedule so much in the past week lmao,1,4,2,
theaaliyahsade,3,I've decided imma become a Sociology Professor very later on in life.,1,4,2,
theaaliyahsade,0,I\'m catching 60% of what is going on\t do I drop or nah?,2,5,0,
lauraa_x16,11,"I\'m still slightly bitter that I lost the spelling bee in sixth grade just bc I gave the British English spelling of ""argument""",2,5,2,
rickyterriquez,12,idk I like being alone,2,5,0,
_nicolenaranjo,3,idk idk idk idk idk,2,5,0,
sgbrandonn,5,Idk why I'm complaining about my 10am class... I didn't complain this much about my everyday 8am during summer quarter,2,5,0,
daisiessyrup,11,If anybody ever has to take an English Comp 3 Course at UCLA take PEGGY DAVIS! She was the business.,1,4,2,
daisiessyrup,11,If anybody ever has to take an English Comp 3 Course at UCLA take PEGGY DAVIS! She was the business.,1,4,2,
rickyterriquez,6,if I were straight I'd date Christine,1,3,2,
scoopofscorpio,1,if tweeting could get me my degree I'd be here forever.,3,2,2,
theaaliyahsade,3,IF YOU A WOKE TRANSFER\t TRANSFER TO UCLA OR UC BERK &lt;3 &lt;3,1,4,2,
scoopofscorpio,3,If you clap. I clap back is my favorite part of @rgay 's bio.,2,5,0,
ChristyLovee_,7,Ig it's just not meant for me to be happy,3,2,2,
_nicolenaranjo,6,Ily ??\x90????? https://t.co/jYOs9myhXd,0,0,0,
_nicolenaranjo,6,Ily ??\x90????? https://t.co/jYOs9myhXd,0,0,0,
macklork,4,im pretty sure my entire freshman 15 is going to be 98% peanut butter,1,4,2,
francapark,7,Im so excited. Tomorrow I'm going grocery shopping. Then no class Tuesday or Wednesday.,1,4,3,
theaaliyahsade,3,IM SO HAPPY I GO TO A CAMPUS THAT ENCOURAGES ECO FRIENDLINESS BC IM BECOMING HELLA ENVIRONMENTALLY AWARE #ALX #sustainableby2020,1,4,2,
theaaliyahsade,1,in love with the books,1,4,2,
daisyarriaga1,9,instant mash potatoes does not play i blinked and it was done !!!,1,4,2,
theaaliyahsade,2,Islamic Appreciation Day next Tuesday :) come thru,1,4,2,
theaaliyahsade,3,Islamic Feminism is huge here\t like we did this exercise where we talked about the biggest issues in society &amp; every1 cited patriarchy,2,5,0,
theaaliyahsade,2,isn't it so wild that everyday i meet somebody who i feel like is gonna help me become a better person,1,3,2,
theaaliyahsade,7,It blows my mind that billions of people have lived with minds just as complex as my own\t with their own needs\t wants\t passions etc.,1,3,2,
theaaliyahsade,1,it felt so good being in love,1,3,3,
daisyarriaga1,2,it like using ur outside voice inside lol #totalnerd,1,4,2,
k8giannini,8,It makes my day seeing pledges dressed as donut elves,1,4,3,
francapark,4,it's 500 degrees and I'm going to be in all black jeans and leather jacket all day great,3,2,2,
sgbrandonn,7,It's 9 and my midterm review session just ended,3,2,2,
scoopofscorpio,6,it's about to be week 7 already.......umm,3,2,2,
theaaliyahsade,4,it's cool,0,0,0,
theaaliyahsade,8,it's crazy a year later and i'm still up at dumb times watching hair and makeup videos,3,2,2,
rickyterriquez,8,it's flippin crazy that I'm done cheering at the Rose Bowl for the year; it's been great ???? https://t.co/DsnHhgNDy9,1,4,2,
rickyterriquez,5,it's hard trying to be extremely obvious that you're flirting while still trying to be subtle,3,2,2,
ChristyLovee_,5,It's hot af in this lounge,0,0,0,
_nicolenaranjo,5,it's not even my birthday! ????Thank you @BaskinRobbins I love you ??\x8d????? https://t.co/33GRhZaKlU,1,3,2,
theaaliyahsade,2,It's only week 2 tho,2,5,0,
daisyarriaga1,2,It's sad to see such a well know institution like UCLA still have to deal with racism in Fraternity and Sororities! #AllLivesMatter,3,2,2,
francapark,1,It's truly great to have a friend to have deep emotional talks with. Thanks for being there. http://t.co/wK3nulEuGw,1,3,2,
theaaliyahsade,6,ITS LIT !Bilal Official Teaser Trailer #1 (2015) Animation Movie HD https://t.co/efLmjLoarO via @YouTube,1,4,2,
theaaliyahsade,8,ITS NEVER ENDING PASTA AT OLIVE GARDEN,1,4,3,
daisyarriaga1,3,jennifer cho does not exist,2,5,0,
ChristyLovee_,3,Just counting down the days,1,3,2,
KAISERxDRAGON,8,Just enrolled in my first class. My pass was at 3pm. Jeebus get better servers please.,3,2,2,
nancyh_22,2,just got back and I'm already homesick,3,2,2,
francapark,8,Just got back to my dorm. My shirt is wet and I have beef stains on my sweats. 8am tomorrow. Good,2,5,2,
daisyarriaga1,4,just learned how to use the web cam from snap chat all late but i was finally able to,1,4,2,
scoopofscorpio,9,Justin Bieber // All That Matters ???????\x9d,0,0,0,
theaaliyahsade,8,keep a journal,2,5,0,
theaaliyahsade,9,KIND OF AMAZED AT HOW ITS NOV 23 2015 and IM A LEGAL ADULT IN COLLEGE but i feel like i'm 10 and it's march or something,1,4,2,
rickyterriquez,11,last final let's gooooo,1,4,2,
ChristyLovee_,12,Last page tho ???????\x8f??\x8f?,0,0,0,
ChristyLovee_,4,Late nights and early mornings ????,3,2,2,
theaaliyahsade,2,laughter and sleep are the key to a happy life,1,3,2,
scoopofscorpio,4,Lauryn getting me through all of this homework ????,3,2,2,
AndrewKnapp13,5,Leaves https://t.co/IOhlAGig1F,0,0,0,
_nicolenaranjo,3,LET'S GO @Dodgers ???\x8f??\x8f????\x8f??\x8f????\x8f??\x8f????\x8f??\x8f????\x8f??\x8f? https://t.co/Ho7DG0tGAO,1,4,3,
rickyterriquez,0,let\'s make out\t let\'s make out,1,4,3,
francapark,5,Lewis structures haunt me every night,3,2,2,
theaaliyahsade,2,life is crazy,3,2,2,
NYokubaitis,10,Life is crazy\t never forget to count your blessings.,1,3,2,
Lilly_vujacic,3,Like I want to cry,2,5,2,
pppnguyener,3,literally don't get how it's still 88 degrees in my dorm even at night,3,2,2,
theaaliyahsade,2,lmao https://t.co/PxGnUSMCA7,0,0,0,
pppnguyener,11,LOL ???? https://t.co/dg6D8uoVlW,0,0,2,
sgbrandonn,3,Lol I have my earphone on but they're not plugged in ????????,1,4,2,
piwrightonline,2,Lots of reading #book,3,2,2,
theaaliyahsade,3,make du'ua for me,2,5,0,
_nicolenaranjo,11,"Mantra of the week: ""Just one more week""",1,4,2,
ChristyLovee_,5,Maybe I should iron out my flag,2,5,0,
_nicolenaranjo,10,MCDB 60 is so interesting\t but so fucking difficult.,3,2,2,
_nicolenaranjo,3,MCDB 60 makes me what to be a doctor.,2,5,0,
francapark,9,Me and Ava: let's go to the gym,1,4,2,
daisyarriaga1,8,me and Jamie battling it out with @justinbieber song titles lol https://t.co/lhfUCgfkyX,1,4,2,
daisyarriaga1,11,me trying to get through Jamie while sing Adele's Hello song at the same time!! https://t.co/lt0RlRjmba,1,4,2,
macklork,2,"Me: ""I\'m gonna go to the gym and get ahead on reading""",1,4,2,
theaaliyahsade,3,medical ethics is v important yo,1,3,2,
VintedAlyssa,5,Midterms are over !,1,4,3,
theaaliyahsade,4,missing da football game to do hw\t then TA emailing you that u dont even have to turn in hw after last router bus leaves :\'c,3,2,2,
scoopofscorpio,5,mood: ???\xa6,0,0,0,
sgbrandonn,3,My 7page paper needs to get done tomorrow :/,3,2,2,
francapark,5,My absolute huns,2,5,0,
nancyh_22,9,my brother is home yayyy!!!!,1,4,3,
_nicolenaranjo,9,My brother is so spoiled.,3,2,2,
_nicolenaranjo,3,My day was chill af,1,4,2,
daisyarriaga1,6,My dog truly has the life i want  lol,1,4,2,
daisiessyrup,2,my english essay assignment is to write about the Drake and Meek Mill beef. Literally\t what a time to be alive.,1,4,2,
_nicolenaranjo,5,My English Professor is hard af but high key my writing has improved.,1,3,2,
_nicolenaranjo,3,My English professor trippin,3,1,2,
ChristyLovee_,9,My eyes are just closing and I don't realize it til after,2,5,2,
angelaa_trannn,10,My family is cute tho ????????\x9f\x9d???\x8f???? @ UCLA Sunset Recreation Center https://t.co/pb3ZKDeRSb,1,3,2,
rickyterriquez,2,my favorite kind of compliments are about my butt and/or my clothes,2,5,0,
_nicolenaranjo,4,My first slumber party was with @ariiannnaa and we didn't even sleep lol,1,4,2,
rickyterriquez,11,my grandma did my laundry for me and when she saw my underwear she asked if I was a stripper,1,4,2,
scoopofscorpio,2,My hair makes me look 10x more unapproachable.,3,2,2,
daisyarriaga1,6,my long talks with my mom r the best!!,1,4,2,
_nicolenaranjo,4,My math TA is super qt.,1,4,2,
scoopofscorpio,5,"my mom\'s fav catch phrase: ""so not funny!! ????"" ",1,4,2,
theaaliyahsade,5,my muslim sistas are everything,2,5,0,
sgbrandonn,5,My Professor's done it again !!! ????,2,5,2,
_nicolenaranjo,8,My roommate is snoring #y,3,2,2,
_nicolenaranjo,1,My roommate talks in her sleep.,2,5,0,
_nicolenaranjo,0,My roommates are gone. I wonder where they went.,3,2,2,
nancyh_22,8,my roommates are planning their weddings already lol,1,4,2,
angelaa_trannn,2,My roommates are so cute \x9f????\x8f???? http://t.co/oealVt5eHs,1,3,2,
daisyarriaga1,4,my texts never makes sense i hope my friends understand that by now @_Maarriissooll  @mommaajayy  @azelhh,2,5,0,
theaaliyahsade,4,napping during the day is so ugly omg,3,2,2,
paja_thao,5,Neck hurts. College sucks. Back aches. Head dizzy. What else.,1,3,3,
paja_thao,5,Neck hurts. College sucks. Back aches. Head dizzy. What else.,3,1,2,
theaaliyahsade,6,Need a great mentor? READ BOOKS!,1,3,2,
sgbrandonn,4,Never been this frustrated before ???\x98,3,1,3,
rickyterriquez,9,never content until I get what I want,1,4,2,
theaaliyahsade,2,never take the side of the oppressor... even if you can\'t understand\t try to. read about it\t watch documentaries\t think critically.,1,3,2,
theaaliyahsade,2,Next quarter imma try to avoid having classes everyday\t so I can do something cool like Higher Education Conference :\'),2,5,0,
daisyarriaga1,2,Nigeria Rap is relaxing nothing like rap these days,2,5,0,
_nicolenaranjo,12,No more distractions for me next quarter.,1,3,2,
daisyarriaga1,3,not looking forward to all the stairs i have to walk to get up to class,3,2,2,
Lilly_vujacic,11,Not looking forward to my ethno final tomorrow,3,2,2,
paja_thao,5,Not much tweet. Midterms are killing me.,3,2,3,
sgbrandonn,11,Not the best sleep I've had ????,3,2,2,
macklork,6,Nothing makes me happier than Simon and Garfunkel after a long day,1,4,2,
scoopofscorpio,3,Nov 5 ????,0,0,0,
daisyarriaga1,3,now back to doing my essay,2,5,0,
daisyarriaga1,11,Now i fear getting on twitter knowing there are assholes like Cesar reading my every tweet out loud!! @Lilly_vujacic @jenniferyeji,3,2,3,
angelaa_trannn,7,Oh let me have strength through these next few weeks ???????\x8f??\x8f\xaa,3,2,3,
joshiepennock,2,Oh yeah miles jack? Dropping out freshman year off an injury for the NFL...,2,5,0,
KAISERxDRAGON,6,Oh.. what bow to get....,2,5,0,
ChristyLovee_,8,Ok can we score again,0,0,0,
francapark,4,Ok im gonna fail math,3,2,2,
theaaliyahsade,3,OMG AN OPPORTUNITY TO DO A TED TALK HAS PRESENTED ITSELF &lt;3,1,4,3,
theaaliyahsade,8,OMG https://t.co/kGnP1GLvJW,0,0,2,
theaaliyahsade,2,omg i feel you https://t.co/fMcUWUDel9,0,0,0,
ChristyLovee_,5,Omg I thought my phone cracked ???? but it was just something on the screen ??????\x8f?,1,4,2,
_nicolenaranjo,6,OMG PEOPLE ARE HAVING SEX IN THE SAME STUDY ROOM THAT I AM IN.,3,1,3,
francapark,11,On da flight grind https://t.co/02F2vFfEGf,0,0,0,
angelaa_trannn,11,One more final ????,1,4,2,
theaaliyahsade,4,one more week until i can pick my classes. :),1,4,2,
daisiessyrup,12,One thing I learned is to never be too nice. Got taken advantage of that too much. Fuck that.,3,2,2,
rickyterriquez,5,only about 950 words left to go yay,3,2,2,
Lilly_vujacic,8,Only got 4 hours of sleep,3,2,2,
theaaliyahsade,9,Or a detective...,0,0,0,
joshiepennock,3,Over college already,3,1,2,
_nicolenaranjo,2,People say nothing is impossible\t but I do nothing everyday,1,4,2,
theaaliyahsade,3,perks of being a hijabi,2,5,0,
joshiepennock,7,Please don't fail out ????,3,2,2,
theaaliyahsade,2,POC trivializing cultural appropriation invites the privileged to exploit us\t resist it. love urself\t love ur brothers &amp; sisters,1,3,2,
AndrewKnapp13,2,Poise: Sting like a be. Do not float like a butterfly.  That's ridiculous. http://t.co/nPZqgSsStD,0,0,0,
daisyarriaga1,7,poor cabbages lol this made me laugh so hard,1,4,2,
scoopofscorpio,3,possible serial killer in my class...????????????,3,2,2,
angelaa_trannn,10,Potluck with the fam soon ????\x9f?\x8d????\x9f?\x8d????\x9f?\x8d????\x9f\x9d???\x8f,1,4,3,
_nicolenaranjo,8,Power Point almost done ????,2,5,2,
scoopofscorpio,3,prepping for this mock trial audition makes me miss the weekends I'd spend at school the team. I lowkey miss them,3,2,2,
sgbrandonn,1,Procrastinating but it's OK,3,2,2,
taytay_shanay,3,Proverbs 17:38: Hey what\'s up hello. -Also David\t who is getting way too into his assigned reading of Exodus for political science class,2,5,0,
francapark,1,Qizhong our lyft driver is not very good with directions. Dammit qizhong.,3,2,2,
daisiessyrup,9,R u high right now?,0,0,0,
daisiessyrup,7,Really want to go to Puerto Rico or Costa Rica,1,3,2,
francapark,9,Remind me never to buy oatmeal. Currently force eating it so I get my money's worth,3,2,2,
rickyterriquez,5,roses are red,2,5,0,
paja_thao,3,Royce smells like herbs.,2,5,0,
scoopofscorpio,9,RT @AniCaribbean: How do people cheat on each other? I can't even have a crush on two people at the same time,3,2,2,
theaaliyahsade,2,RT @chloeqpan: .@UCLA students occupying the Chancellor's office in Murphy Hall in solidarity w/@BlackBruins #BlackBruinsMatter http://t.co\x9f??,3,1,2,
rickyterriquez,7,RT @Gennsss_: @rickyterriquez happy birthday hot stuff!! ???\x9d hope you're having a good day! Miss you so much!,1,3,2,
ThatAsian_Zeke,5,RT @GuyFieri: .@ayeshacurry is the cool new judge on #GroceryGames!! Watch out chefs !!! https://t.co/Hmgkfy0GJz,1,4,2,
Shea_bertolucci,4,RT @UCLA_Nation: FINAL SCORE: #UCLA dominates #CAL at home 40-24! The Bruins improve to 5-2 (overall) &amp; 2-2 in PAC12 Play. #GoBruins! https\x9f??,1,4,2,
ChristyLovee_,12,RT @UCLAFootball: .@KCBoutThatLife had his first career TD in our W vs. Virginia.,1,4,2,
rickyterriquez,10,RT @UCLASpiritSquad: When you remember that last night we beat Kentucky ???????? #GoBruins https://t.co/GQg2r8PfYY,1,4,2,
angelaa_trannn,7,RT @UofCalifornia: #UCool Challenge: @UCIrvine retakes lead from @UCLA! Represent your #UC location https://t.co/IJKCH44Ji5 #climateUC http\x9f??,1,4,2,
rickyterriquez,8,s/o to the bitch who cut off all my hair,3,1,3,
daisyarriaga1,11,sad that i spent $240 this weekend and the fact that i actually need my glasses to read now!! #growingupfast,3,2,2,
_nicolenaranjo,11,SANTA IS AT THE HOSPITAL OMG,1,4,3,
daisyarriaga1,1,scared for my fiat lux!!!,3,2,2,
Lilly_vujacic,1,Scream Queens instead of reading ???\x81,2,5,0,
rickyterriquez,7,serious debate,2,5,0,
pppnguyener,5,shout out to daylight savings for letting me sleep in one extra hour,1,4,2,
_nicolenaranjo,3,Shoutout to all my fans!!! http://t.co/cKgyWo56qn,1,3,2,
scoopofscorpio,7,Show up and wear black. \x9f????\x8f?#westandwithmizzou #blackstudentsmatter #blackbruinsmatter\x9f?? https://t.co/ey1lMpQYXI,0,0,0,
scoopofscorpio,7,Show up and wear black. \x9f????\x8f?#westandwithmizzou #blackstudentsmatter #blackbruinsmatter\x9f?? https://t.co/ey1lMpQYXI,0,0,0,
paja_thao,10,Sigh. School...makes my sleep routine bad.,3,2,2,
paja_thao,10,Sigh. School...makes my sleep routine bad.,3,2,2,
rickyterriquez,8,simp state of mind,0,0,2,
lifewarrior94,12,Single best advice I can ever give:,1,3,2,
pppnguyener,0,Six days after I moved in and I'm still not used to this hilly campus and STAIRS ???\x9d #legdayeveryday,3,2,2,
piwrightonline,4,Sixty Inch TV #TV,2,5,0,
ChristyLovee_,11,Sleepy af .. My eyes are just closing,0,0,0,
scoopofscorpio,9,snaps I make about @scoopofscorpio ???\x8d???? https://t.co/QIHL14QaIT,0,0,0,
lauraa_x16,7,So apparently Beyonc?? is in Westwood rn,2,5,0,
lauraa_x16,7,So apparently Beyonc?? is in Westwood rn,1,4,2,
daisyarriaga1,2,so confused should do i work and get paid or volunteer and get cool freebies to promote????? #thecollegestruggle,3,2,2,
ChristyLovee_,4,So glad my teacher pushed my paper back ???????\x8f??\x8f????\x8f??\x8f?,1,4,3,
Lilly_vujacic,9,So happy my professor gave us another week,1,4,2,
daisyarriaga1,5,so hungry,3,2,2,
Shea_bertolucci,11,So I met @JadeBowman3 's cat. It's getting pretty serious.,2,5,0,
Shea_bertolucci,11,So I met @JadeBowman3 's cat. It's getting pretty serious.,2,5,0,
VintedAlyssa,2,So lazy to even get up smh,2,5,2,
theaaliyahsade,3,so much going on @ ucla today lol,1,4,2,
daisyarriaga1,1,so much reading !!! #collegelife,3,2,3,
piwrightonline,7,So much reading to do today #homework,3,2,2,
lauraa_x16,7,So my brother almost got expelled from college and arrested on two separate occasions this week,3,2,2,
daisyarriaga1,3,so over short messy braids,1,4,2,
angelaa_trannn,4,SO PISSED AT MYSELF ????,3,2,3,
sgbrandonn,7,So tempted to skip my next few classes,1,4,2,
piwrightonline,7,So tired #sleep,2,5,2,
taytay_shanay,4,so UCLA is having a free showing of legally blonde tonight. I 100% know I picked the right college now \x9f????\x8f\xaa??\x8f,1,4,2,
francapark,3,So what if it's 7am. I'm gonna eat cheese bread.,1,4,2,
theaaliyahsade,8,So y are people republicans?,2,5,0,
CHRISHTYCLAR,9,So you're saying there's a chance https://t.co/Gvco1wthHK,0,0,0,
rickyterriquez,4,someone keep me company while I wait in the writing center please,3,2,2,
theaaliyahsade,1,Someone told me that if they didnt know what I was actually doing they'd think I went to an HBCU ????????,2,5,0,
scoopofscorpio,11,something in my heart\t it\'s got me hooked on you,1,3,2,
scoopofscorpio,11,sometimes I make cute snaps https://t.co/y8N9awZX2a,0,0,0,
rickyterriquez,4,sometimes I'm sexually attracted to someone but I can't explain why,1,4,2,
scoopofscorpio,2,sooooo many poli sci majors\t this is ???\x9d,0,0,0,
ChristyLovee_,7,Sorella ???\x8d,0,0,0,
CarlosRamirezEn,4,Starting my philosophy paper two weeks in advance #gpa,1,3,2,
francapark,5,Stephanie spoke to an avocado,2,5,0,
NYokubaitis,1,Still amazed by the people who can wear pants when it's 85 degrees out.,2,5,2,
Lilly_vujacic,3,Still not done with this essay,3,2,2,
joshiepennock,3,Success will come by standing on the shoulder's of giants,1,3,2,
sgbrandonn,11,Surprisingly everyone is so kind this week,1,3,2,
AndrewKnapp13,7,Tenor sectionals in Denny's,2,5,0,
pppnguyener,12,tfw my sister purposely turns on the light in my room at 6 am bc she's salty that I'm on break but she's not ????,3,1,2,
nancyh_22,8,thank god I only have one class tomorrow.,1,4,2,
francapark,1,Thank u de Neve for always having waffles bacon and hash browns u r my savior,1,3,2,
rickyterriquez,11,thank u jesus I think I did well on my sex final,1,4,2,
scoopofscorpio,8,that feeling of being ahead of your workload is the best thing ever. I know no better feeling.,1,4,2,
angelaa_trannn,3,That speaker was um.. Interesting ???\x90,2,5,0,
theaaliyahsade,8,"that whole ""makeup is supposed to enhance your beauty"" line is played out and tired af\t if she wanna be art let her be art!!!",2,5,0,
VintedAlyssa,10,That\'s exciting ^\t^,1,4,2,
pppnguyener,7,The #GroveChristmas was an amazing kickoff to the holiday season! @GroveLA ????????????\x9f?? https://t.co/9z8P4xkRpl,1,4,2,
scoopofscorpio,9,the architecture in Redondo Beach is just amazing,1,4,2,
ChristyLovee_,2,The documentary 2 ??????\x8f???????\x8f?,0,0,0,
scoopofscorpio,2,The Hills remix w/ Nicki was low-key a disappointment,0,0,0,
_nicolenaranjo,6,The issue with abortion isn\'t about the personhood of the fetus\t it\'s about organ donation.,2,5,0,
scoopofscorpio,11,the key to success is having siblings that are as bomb as you ???? https://t.co/WyYO3JrXBj,1,3,2,
sgbrandonn,12,The movie Amber Alert always gives me chills,2,5,0,
Lilly_vujacic,5,The next 2 weeks are going to be hell for me,3,2,3,
_nicolenaranjo,1,The only reason I am getting up this early is to change my housing.,1,4,2,
lauraa_x16,1,the post-concert depression is kicking in,3,2,2,
paja_thao,11,The professor said be ten minutes early. I was an hour early. Do I get an A now?,1,4,2,
ChristyLovee_,7,The second pose ???\x8d???\x8d???\x8d???\x8d???\x8d https://t.co/kMuZfFOzj4,0,0,0,
NYokubaitis,2,The sushi was good\t but getting to see my mom was better. @ Westwood\t Los\x9f?? https://t.co/cccrg9XTVh,1,4,3,
sgbrandonn,4,The walk back to Hedrick from Westwood is a Bitch !!,3,2,2,
paja_thao,10,The world is so big.,1,3,2,
VintedAlyssa,10,Them I should say,2,5,0,
theaaliyahsade,2,"There is both ""Creation"" and ""Evolution.""",1,4,2,
scoopofscorpio,9,There is no one on campus. This wifi has no right to be this slow.,3,2,2,
sgbrandonn,1,These chicken tenders are so good,1,4,2,
ChristyLovee_,1,These hills and the sun be killing me,3,2,2,
sgbrandonn,8,These past 2 hours were totally worth it,1,3,2,
k8giannini,8,They are letting tours into dining halls now!? I feel pressured to set a good example as I eat three buckets of ice cream,1,4,2,
theaaliyahsade,7,think bigger picture,2,5,0,
daisyarriaga1,10,this Gelato tastes so much like mexican raspados,2,5,0,
francapark,4,"This guy in my class was doing a 5 minute presentation and he said ""like"" 84 times I counted",3,2,2,
scoopofscorpio,11,this has become my favorite video of me. I need to make this into a gif,1,4,2,
scoopofscorpio,9,this has never been more true then right now https://t.co/lZ6ruvdzCa,2,5,0,
daisyarriaga1,2,this heat is killing me,3,2,2,
scoopofscorpio,9,This is how I know I will need a dog when I live on my own. It's been scientifically proven. I want out of this experiment.,2,5,0,
daisiessyrup,0,This kid from my English class told us he went to school with Kylie and Kendall. lol,1,4,2,
theaaliyahsade,4,this might become my life https://t.co/B7wPUG6XTv,0,0,2,
scoopofscorpio,7,this week has been transformative. learning not to care about things that are so material and pointless.,1,3,2,
francapark,9,Thrift stores in nova are poop compared to here,3,2,2,
piwrightonline,8,Time to write an #essay,1,4,2,
paja_thao,5,Tireddddd. I hate midterms week. Period.,3,2,2,
theaaliyahsade,4,to know african history is to know the world's history,1,3,2,
francapark,5,To the bitch working at bcaf register fix your attitude. sorry u have a morning shift ????????????,3,1,3,
theaaliyahsade,8,Today the MSA sorting hat put me in Gryffindor\t lol what,1,4,2,
daisyarriaga1,4,too funny,0,0,2,
nancyh_22,7,took me 30 min. to unpack everything,2,5,0,
theaaliyahsade,8,totally different meanings,2,5,0,
theaaliyahsade,2,TPAIN WAS RAISED MUSLIM\t wow,2,5,0,
scoopofscorpio,1,Truth is the existence of things that don't belong together.,2,5,0,
scoopofscorpio,8,two conflicting elements,2,5,0,
macklork,10,"U know ur too tired when you spell ""faster"" like ""fasture""",3,2,2,
ChristyLovee_,3,Ucla football stresses me out sometimes ????,3,2,2,
VintedAlyssa,0,UCLA Volleyball with mains ??????\x90????? http://t.co/PMA7yr51Q0,0,0,0,
VintedAlyssa,0,UCLA Volleyball with mains ??????\x90????? http://t.co/PMA7yr51Q0,0,0,0,
angelaa_trannn,0,UCLA Volunteer Day ??????\x90?????  Roomies x D10 x Owl Crew x Finished Work #BruinsGiveBack http://t.co/PUAWSKgRH6,1,4,2,
theaaliyahsade,0,ucla volunteer day ayyye lmao,1,4,2,
sgbrandonn,1,UCLA VS ASU??\x8f? http://t.co/ODGt4I8lqv,0,0,0,
francapark,5,Ugh I just can't get over beautiful christo in a leather jacket from 2nd row,1,4,2,
francapark,4,Um Im sitting and this table that's 0.2 square feet and this girl just sits down. Excuse u. Ur in my bubble,3,1,2,
scoopofscorpio,11,us @ohhsesha  https://t.co/NShGspmrtW,0,0,0,
scoopofscorpio,11,waiting for it to pan out is one thing\t but sending mixed signals and then rejecting any sort of feelings is another thing.,3,1,2,
paja_thao,3,Waking up on a Saturday. #bestfeelingever!,1,3,2,
daisyarriaga1,6,wanna stay forever,2,5,0,
theaaliyahsade,3,WATCH THIS IF U DONT KNOW OK: Conflict in Israel and Palestine: Crash Course World History 223 https://t.co/bG6TXbRqcr via @YouTube,2,5,0,
pppnguyener,1,Watching Star Trek with live orchestra!!! ???\x81 http://t.co/GoVwAsUoU4,1,4,2,
sgbrandonn,5,We had a Berkeley school of Optometry presentation during our club meeting today,2,5,0,
sgbrandonn,7,Week 7 \x9f????\x8f and I'm finally done with midterms ???\x81,1,4,2,
CarlosRamirezEn,0,What happens when you put 5 musicians in one dorm of the residence hall? The whole floor along with the ones above and below show up #music,1,4,2,
theaaliyahsade,2,what is fake twitter activism when we live in a world that lives on the internet?,2,5,0,
_nicolenaranjo,8,What's meant to be will be,2,5,0,
daisyarriaga1,6,when all u say in ur essay is intersex/ambiguous genital,2,5,0,
theaaliyahsade,4,When I make Kither's hotline bling past curfew.... https://t.co/v81XSai2Ql,2,5,2,
sgbrandonn,7,When Nancy doesn't hurry up and is going to make you late to class....,2,5,0,
macklork,5,When none of the classes you need to take are being offered next quarter????????????????????????????,3,2,2,
ChristyLovee_,10,When people send me snaps that has nothing to do with me ????,2,5,2,
macklork,1,When someone pulls the fire alarm at 6 am and makes your entire hall stand in the rain &gt;&gt;&gt;&gt;&gt; ???\x8d???\x8d???\x8d???\x8d???\x8d??????????????????????????\x8f?????,3,1,3,
k8giannini,4,When Stephen Curry is on campus so EVERYONE has to snapchat it ????,1,4,2,
evelyn_fierro,2,When the preview is better than the real thing ????,2,5,0,
daisyarriaga1,7,when u fall in love with one direction way too late,1,4,2,
macklork,8,When u hear the camera sound going off in the bathroom #yep,0,0,0,
macklork,3,When u take NyQuil and then are forced to stand outside for an hour :D,3,1,2,
rickyterriquez,8,when ur not sure if u being subtweeted or not,2,5,0,
paja_thao,6,When you can't sleep,2,5,2,
paja_thao,8,When you don't sleep but think..,2,5,0,
scoopofscorpio,8,When you plan to leave your lecture early and for once you can't find the right sign in sheet ????,3,2,2,
k8giannini,1,When you see a guy unicycling to class #UCLA,1,4,2,
scoopofscorpio,5,when you walk out of a midterm you know you killed and you get a phonecall saying you got that internship ??????????\x8f? #glory #thankyouJesus,1,4,3,
scoopofscorpio,2,when your music goes from Fetty Wap to Anthony Hamilton ????,2,5,0,
sgbrandonn,8,When your professor gets you hook to a tv show #bingewatching,1,4,2,
Lilly_vujacic,10,When your roommate eats all the food in the room,3,2,2,
paja_thao,10,When your roommate gives you bombazz coffee. Montana where are you!?!?!?!?!?,1,4,2,
piwrightonline,10,Whenever I read an article about a pressing world issue from a prestigious news channel and somebody\'s tweet is cited\t I #cringe,2,5,0,
theaaliyahsade,8,Why act clueless about what to do in a crappy situation? JUST DON\'T DO WHAT WAS DONE LAST TIME\t duh.,2,5,0,
sgbrandonn,0,Why are college textbooks expensive :( I miss free textbooks from HS,3,2,2,
theaaliyahsade,8,"why do they need ""the highest security checks"" omg https://t.co/zlCb1r8R1A",2,5,2,
theaaliyahsade,0,why hold onto what you're supposed to let go?,2,5,0,
theaaliyahsade,2,Why is it that the poor can only afford clothes and food that were produced using slavery(low wages)? (Food for thought),1,3,2,
theaaliyahsade,3,why oh why do I attend a PWI,2,5,0,
ChristyLovee_,3,Why people saying rip Lamar odom?,2,5,0,
theaaliyahsade,2,why tho\t edges on fleek all day idc  https://t.co/YARsZOVnyT,2,5,0,
paja_thao,9,Whyyyyy,2,5,0,
scoopofscorpio,8,Will Malik have enough swipes to hold him through to the 4th?,3,2,2,
Lilly_vujacic,9,Will Smith \x9f?????? https://t.co/oQ3bBkqKh2,2,5,0,
theaaliyahsade,8,woah TIME GOES FAST :O  https://t.co/J8TVmK894A,3,2,2,
Shea_bertolucci,4,Wth I'm in college. When did that happen?,1,4,2,
theaaliyahsade,2,y do people refer to africa as if it isnt a huge continent with more diversity than like every other place on the planet?!?!,2,5,1,
_nicolenaranjo,2,Yasssss @Dodgers ???\x8f??\x8f????\x8f??\x8f????\x8f??\x8f?,1,4,2,
rickyterriquez,0,yay college,1,3,2,
rickyterriquez,0,yay tanning time\x9f????\x8f,1,4,2,
daisyarriaga1,5,Yay! got my jumpstart shirt and books,1,4,2,
pppnguyener,3,Yayy fam is visiting me today! ???\x81,1,3,3,
rickyterriquez,4,yeah no...don't put me down for cardio http://t.co/kgsV8pGb4T,3,2,2,
theaaliyahsade,2,yes yes yes https://t.co/Q4IjuVUYco,0,0,0,
scoopofscorpio,1,yet\t I am still here.,2,5,1,
theaaliyahsade,4,you don't even know how much this means coming from YOU Gracie. &lt;3 Thank you.  https://t.co/uQ5Kr74QAJ,1,3,2,
theaaliyahsade,4,you don't even know how much this means coming from YOU Gracie. &lt;3 Thank you.  https://t.co/uQ5Kr74QAJ,1,3,3,
theaaliyahsade,7,you don't have the privilege of being a student first #BlackOnCampus,2,5,1,
k8giannini,8,You never realize how awkward campus tours are until they come into your dorm,2,5,1,
theaaliyahsade,8,you'd be surprised at how much you change in 6 months,2,5,1,
_nicolenaranjo,11,Your degree is the door and your work ethic is the key.,2,5,1,